Compiling 290 files with Solc 0.8.28
Solc 0.8.28 finished in 1336.76s
Compiler run successful with warnings:
Warning (8760): This declaration has the same name as another declaration.
   --> test/fizz/utils/MockERC20.sol:107:56:
    |
107 |     constructor(address recipient, uint256 mintAmount, string memory name, string memory symbol, uint8 decimals) {
    |                                                        ^^^^^^^^^^^^^^^^^^
Note: The other declaration is here:
  --> test/fizz/utils/MockERC20.sol:59:5:
   |
59 |     function name() external view override returns (string memory) {
   |     ^ (Relevant source part starts here and spans across multiple lines).

Warning (8760): This declaration has the same name as another declaration.
   --> test/fizz/utils/MockERC20.sol:107:76:
    |
107 |     constructor(address recipient, uint256 mintAmount, string memory name, string memory symbol, uint8 decimals) {
    |                                                                            ^^^^^^^^^^^^^^^^^^^^
Note: The other declaration is here:
  --> test/fizz/utils/MockERC20.sol:63:5:
   |
63 |     function symbol() external view override returns (string memory) {
   |     ^ (Relevant source part starts here and spans across multiple lines).

Warning (8760): This declaration has the same name as another declaration.
   --> test/fizz/utils/MockERC20.sol:107:98:
    |
107 |     constructor(address recipient, uint256 mintAmount, string memory name, string memory symbol, uint8 decimals) {
    |                                                                                                  ^^^^^^^^^^^^^^
Note: The other declaration is here:
  --> test/fizz/utils/MockERC20.sol:67:5:
   |
67 |     function decimals() external view override returns (uint8) {
   |     ^ (Relevant source part starts here and spans across multiple lines).

Warning (1699): "selfdestruct" has been deprecated. Note that, starting from the Cancun hard fork, the underlying opcode no longer deletes the code and data associated with an account and only transfers its Ether to the beneficiary, unless executed in the same transaction in which the contract was created (see EIP-6780). Any use in newly deployed contracts is strongly discouraged even if the new behavior is taken into account. Future changes to the EVM might further reduce the functionality of the opcode.
 --> test/fizz/Actor.sol:9:13:
  |
9 |             selfdestruct(dst)
  |             ^^^^^^^^^^^^

Warning (5667): Unused function parameter. Remove or comment out the variable name to silence this warning.
    --> src/SyndicateGovernor.sol:1219:9:
     |
1219 |         uint256 maxCapital,
     |         ^^^^^^^^^^^^^^^^^^

Warning (2072): Unused local variable.
   --> src/GuardianRegistry.sol:837:9:
    |
837 |         uint256 combinedAtOpen = uint256(totalAtOpen);
    |         ^^^^^^^^^^^^^^^^^^^^^^

Warning (2072): Unused local variable.
   --> test/GovernorParameters.t.sol:362:9:
    |
362 |         uint256 oldVal = uint256(uint160(protocolConfig.protocolFeeRecipient()));
    |         ^^^^^^^^^^^^^^

Warning (2072): Unused local variable.
   --> test/GovernorParameters.t.sol:363:9:
    |
363 |         uint256 newVal = uint256(uint160(newRecipient));
    |         ^^^^^^^^^^^^^^

Warning (2072): Unused local variable.
   --> test/SyndicateFactory.t.sol:313:9:
    |
313 |         address _protocolSpender = makeAddr("protocol");
    |         ^^^^^^^^^^^^^^^^^^^^^^^^

Warning (2072): Unused local variable.
    --> test/SyndicateGovernor.t.sol:1341:9:
     |
1341 |         address newVault = address(executorLib);
     |         ^^^^^^^^^^^^^^^^

Warning (2072): Unused local variable.
   --> test/TokenCourtEndToEnd.t.sol:475:9:
    |
475 |         uint256 swoodBalBefore = wood.balanceOf(address(swood));
    |         ^^^^^^^^^^^^^^^^^^^^^^

Warning (5667): Unused function parameter. Remove or comment out the variable name to silence this warning.
  --> test/fizz/Actor.sol:26:26:
   |
26 |     function onFlashLoan(address initiator, address token, uint256 amount, uint256 fee, bytes calldata data)
   |                          ^^^^^^^^^^^^^^^^^

Warning (5667): Unused function parameter. Remove or comment out the variable name to silence this warning.
  --> test/fizz/Actor.sol:26:45:
   |
26 |     function onFlashLoan(address initiator, address token, uint256 amount, uint256 fee, bytes calldata data)
   |                                             ^^^^^^^^^^^^^

Warning (5667): Unused function parameter. Remove or comment out the variable name to silence this warning.
  --> test/fizz/Actor.sol:26:60:
   |
26 |     function onFlashLoan(address initiator, address token, uint256 amount, uint256 fee, bytes calldata data)
   |                                                            ^^^^^^^^^^^^^^

Warning (5667): Unused function parameter. Remove or comment out the variable name to silence this warning.
  --> test/fizz/Actor.sol:26:76:
   |
26 |     function onFlashLoan(address initiator, address token, uint256 amount, uint256 fee, bytes calldata data)
   |                                                                            ^^^^^^^^^^^

Warning (5667): Unused function parameter. Remove or comment out the variable name to silence this warning.
  --> test/fizz/Actor.sol:26:89:
   |
26 |     function onFlashLoan(address initiator, address token, uint256 amount, uint256 fee, bytes calldata data)
   |                                                                                         ^^^^^^^^^^^^^^^^^^^

Warning (5667): Unused function parameter. Remove or comment out the variable name to silence this warning.
  --> test/fizz/Actor.sol:36:31:
   |
36 |     function onERC721Received(address operator, address from, uint256 tokenId, bytes calldata data)
   |                               ^^^^^^^^^^^^^^^^

Warning (5667): Unused function parameter. Remove or comment out the variable name to silence this warning.
  --> test/fizz/Actor.sol:36:49:
   |
36 |     function onERC721Received(address operator, address from, uint256 tokenId, bytes calldata data)
   |                                                 ^^^^^^^^^^^^

Warning (5667): Unused function parameter. Remove or comment out the variable name to silence this warning.
  --> test/fizz/Actor.sol:36:63:
   |
36 |     function onERC721Received(address operator, address from, uint256 tokenId, bytes calldata data)
   |                                                               ^^^^^^^^^^^^^^^

Warning (5667): Unused function parameter. Remove or comment out the variable name to silence this warning.
  --> test/fizz/Actor.sol:36:80:
   |
36 |     function onERC721Received(address operator, address from, uint256 tokenId, bytes calldata data)
   |                                                                                ^^^^^^^^^^^^^^^^^^^

Warning (5667): Unused function parameter. Remove or comment out the variable name to silence this warning.
  --> test/fizz/Actor.sol:45:32:
   |
45 |     function onERC1155Received(address operator, address from, uint256 id, uint256 value, bytes calldata data)
   |                                ^^^^^^^^^^^^^^^^

Warning (5667): Unused function parameter. Remove or comment out the variable name to silence this warning.
  --> test/fizz/Actor.sol:45:50:
   |
45 |     function onERC1155Received(address operator, address from, uint256 id, uint256 value, bytes calldata data)
   |                                                  ^^^^^^^^^^^^

Warning (5667): Unused function parameter. Remove or comment out the variable name to silence this warning.
  --> test/fizz/Actor.sol:45:64:
   |
45 |     function onERC1155Received(address operator, address from, uint256 id, uint256 value, bytes calldata data)
   |                                                                ^^^^^^^^^^

Warning (5667): Unused function parameter. Remove or comment out the variable name to silence this warning.
  --> test/fizz/Actor.sol:45:76:
   |
45 |     function onERC1155Received(address operator, address from, uint256 id, uint256 value, bytes calldata data)
   |                                                                            ^^^^^^^^^^^^^

Warning (5667): Unused function parameter. Remove or comment out the variable name to silence this warning.
  --> test/fizz/Actor.sol:45:91:
   |
45 |     function onERC1155Received(address operator, address from, uint256 id, uint256 value, bytes calldata data)
   |                                                                                           ^^^^^^^^^^^^^^^^^^^

Warning (5667): Unused function parameter. Remove or comment out the variable name to silence this warning.
  --> test/fizz/Actor.sol:53:9:
   |
53 |         address operator,
   |         ^^^^^^^^^^^^^^^^

Warning (5667): Unused function parameter. Remove or comment out the variable name to silence this warning.
  --> test/fizz/Actor.sol:54:9:
   |
54 |         address from,
   |         ^^^^^^^^^^^^

Warning (5667): Unused function parameter. Remove or comment out the variable name to silence this warning.
  --> test/fizz/Actor.sol:55:9:
   |
55 |         uint256[] calldata ids,
   |         ^^^^^^^^^^^^^^^^^^^^^^

Warning (5667): Unused function parameter. Remove or comment out the variable name to silence this warning.
  --> test/fizz/Actor.sol:56:9:
   |
56 |         uint256[] calldata values,
   |         ^^^^^^^^^^^^^^^^^^^^^^^^^

Warning (5667): Unused function parameter. Remove or comment out the variable name to silence this warning.
  --> test/fizz/Actor.sol:57:9:
   |
57 |         bytes calldata data
   |         ^^^^^^^^^^^^^^^^^^^

Warning (5667): Unused function parameter. Remove or comment out the variable name to silence this warning.
   --> test/fizz/handlers/SyndicateGovernorHandler.sol:169:100:
    |
169 |     function syndicateGovernor_lifecycle_toExecuted(uint256 strategyDuration, uint256 capitalSeed, uint256 guardianSeed)
    |                                                                                                    ^^^^^^^^^^^^^^^^^^^^

Warning (2018): Function state mutability can be restricted to pure
   --> script/DeployStrategyFactory.s.sol:113:5:
    |
113 |     function _tryParseAddress(string memory json, string memory key) internal view returns (address) {
    |     ^ (Relevant source part starts here and spans across multiple lines).

Warning (2018): Function state mutability can be restricted to view
   --> test/ExposureLedger.t.sol:465:5:
    |
465 |     function _assertApproverSet(uint256 proposalId, address[] memory expected) internal {
    |     ^ (Relevant source part starts here and spans across multiple lines).

Warning (2018): Function state mutability can be restricted to view
   --> test/StakedWood.t.sol:982:5:
    |
982 |     function test_getVotes_zeroWhenNoStake() public {
    |     ^ (Relevant source part starts here and spans across multiple lines).

Warning (2018): Function state mutability can be restricted to view
    --> test/SyndicateGovernor.t.sol:1337:5:
     |
1337 |     function test_addVault() public {
     |     ^ (Relevant source part starts here and spans across multiple lines).

Warning (2018): Function state mutability can be restricted to pure
    --> test/SyndicateVault.t.sol:1173:5:
     |
1173 |     function executeBatch(BatchExecutorLib.Call[] calldata) external {
     |     ^ (Relevant source part starts here and spans across multiple lines).

Warning (2018): Function state mutability can be restricted to pure
  --> test/fizz/Actor.sol:26:5:
   |
26 |     function onFlashLoan(address initiator, address token, uint256 amount, uint256 fee, bytes calldata data)
   |     ^ (Relevant source part starts here and spans across multiple lines).

Warning (2018): Function state mutability can be restricted to pure
  --> test/fizz/Actor.sol:36:5:
   |
36 |     function onERC721Received(address operator, address from, uint256 tokenId, bytes calldata data)
   |     ^ (Relevant source part starts here and spans across multiple lines).

Warning (2018): Function state mutability can be restricted to pure
  --> test/fizz/Actor.sol:45:5:
   |
45 |     function onERC1155Received(address operator, address from, uint256 id, uint256 value, bytes calldata data)
   |     ^ (Relevant source part starts here and spans across multiple lines).

Warning (2018): Function state mutability can be restricted to pure
  --> test/fizz/Actor.sol:52:5:
   |
52 |     function onERC1155BatchReceived(
   |     ^ (Relevant source part starts here and spans across multiple lines).

Warning (2018): Function state mutability can be restricted to pure
   --> test/invariants/ProtocolInvariants.t.sol:523:5:
    |
523 |     function testFuzz_coProposerSplit_sumEqualsAgentFee(uint256 agentFee, uint256 coPropCount, uint256 salt) public {
    |     ^ (Relevant source part starts here and spans across multiple lines).

Warning (4591): There are more than 256 warnings. Ignoring the rest.
warning[block-timestamp]: usage of `block.timestamp` in a comparison may be manipulated by validators
    ╭▸ src/ChallengeGame.sol:638:13
    │
638 │         if (block.timestamp > deadline) revert WindowClosed();
    │             ━━━━━━━━━━━━━━━━━━━━━━━━━━
    │
    ╰ help: https://book.getfoundry.sh/reference/forge/forge-lint#block-timestamp

warning[block-timestamp]: usage of `block.timestamp` in a comparison may be manipulated by validators
    ╭▸ src/TokenCourt.sol:246:13
    │
246 │         if (block.timestamp + window + FINALIZE_BUFFER > ch.filedAt + ch.disputeTimeoutAtFiling) {
    │             ━━━━━━━━━━━━━━━━━━━━━━━━━━━━━━━━━━━━━━━━━━━━━━━━━━━━━━━━━━━━━━━━━━━━━━━━━━━━━━━━━━━
    │
    ╰ help: https://book.getfoundry.sh/reference/forge/forge-lint#block-timestamp

warning[divide-before-multiply]: multiplication should occur before division to avoid loss of precision
    ╭▸ test/ChallengeEndToEnd.t.sol:421:17
    │
421 │         return (((COVERAGE_USD * game.challengerBondBps()) / 10_000) * 1e8) / 0.05e8;
    │                 ━━━━━━━━━━━━━━━━━━━━━━━━━━━━━━━━━━━━━━━━━━━━━━━━━━━━━━━━━━
    │
    ╰ help: https://book.getfoundry.sh/reference/forge/forge-lint#divide-before-multiply

warning[unsafe-typecast]: typecasts that can truncate values should be checked
    ╭▸ test/ExposureLedger.t.sol:303:35
    │
303 │         marketFeed = new MockFeed(int256(MARKET_X8), 8);
    │                                   ━━━━━━━━━━━━━━━━━
    │
    ├ note: consider disabling this lint if you're certain the cast is safe
    │       
    │       // casting to 'int256' is safe because [explain why]
    │       // forge-lint: disable-next-line(unsafe-typecast)
    │       
    │       
    ╰ help: https://book.getfoundry.sh/reference/forge/forge-lint#unsafe-typecast

warning[block-timestamp]: usage of `block.timestamp` in a comparison may be manipulated by validators
     ╭▸ src/GuardianRegistry.sol:1102:24
     │
1102 │         if (deadman && block.timestamp < uint256(pausedAt) + DEADMAN_UNPAUSE_DELAY) {
     │                        ━━━━━━━━━━━━━━━━━━━━━━━━━━━━━━━━━━━━━━━━━━━━━━━━━━━━━━━━━━━
     │
     ╰ help: https://book.getfoundry.sh/reference/forge/forge-lint#block-timestamp

warning[unsafe-typecast]: typecasts that can truncate values should be checked
    ╭▸ test/GuardianRegistry.t.sol:214:24
    │
214 │         return address(uint160(0xAA00 + i + 1));
    │                        ━━━━━━━━━━━━━━━━━━━━━━━
    │
    ├ note: consider disabling this lint if you're certain the cast is safe
    │       
    │       // casting to 'uint160' is safe because [explain why]
    │       // forge-lint: disable-next-line(unsafe-typecast)
    │       
    │       
    ╰ help: https://book.getfoundry.sh/reference/forge/forge-lint#unsafe-typecast

warning[block-timestamp]: usage of `block.timestamp` in a comparison may be manipulated by validators
    ╭▸ src/TokenCourt.sol:342:13
    │
342 │         if (block.timestamp >= c.referredAt + c.voteWindowAtReferral) revert WindowClosed();
    │             ━━━━━━━━━━━━━━━━━━━━━━━━━━━━━━━━━━━━━━━━━━━━━━━━━━━━━━━━
    │
    ╰ help: https://book.getfoundry.sh/reference/forge/forge-lint#block-timestamp

warning[block-timestamp]: usage of `block.timestamp` in a comparison may be manipulated by validators
    ╭▸ src/ChallengeGame.sol:645:13
    │
645 │         if (block.timestamp > challengeableUntil[key] && inconclusiveRounds[key] != 0) {
    │             ━━━━━━━━━━━━━━━━━━━━━━━━━━━━━━━━━━━━━━━━━
    │
    ╰ help: https://book.getfoundry.sh/reference/forge/forge-lint#block-timestamp

warning[unsafe-typecast]: typecasts that can truncate values should be checked
    ╭▸ src/GuardianRegistry.sol:395:55
    │
395 │         emit ReviewRegistered(msg.sender, proposalId, uint64(voteEnd), uint64(reviewEnd));
    │                                                       ━━━━━━━━━━━━━━━
    │
    ├ note: consider disabling this lint if you're certain the cast is safe
    │       
    │       // casting to 'uint64' is safe because [explain why]
    │       // forge-lint: disable-next-line(unsafe-typecast)
    │       
    │       
    ╰ help: https://book.getfoundry.sh/reference/forge/forge-lint#unsafe-typecast

warning[divide-before-multiply]: multiplication should occur before division to avoid loss of precision
    ╭▸ test/mocks/MockMorpho.sol:293:17
    │
293 │                 ((uint256(pos.collateral) - assets) * price / ORACLE_PRICE_SCALE) * marketParams.lltv / 1e18;
    │                 ━━━━━━━━━━━━━━━━━━━━━━━━━━━━━━━━━━━━━━━━━━━━━━━━━━━━━━━━━━━━━━━━━━━━━━━━━━━━━━━━━━━━━
    │
    ╰ help: https://book.getfoundry.sh/reference/forge/forge-lint#divide-before-multiply

warning[block-timestamp]: usage of `block.timestamp` in a comparison may be manipulated by validators
    ╭▸ src/SyndicateGovernor.sol:337:13
    │
337 │         if (block.timestamp < _cooldownEndsAt) revert CooldownNotElapsed();
    │             ━━━━━━━━━━━━━━━━━━━━━━━━━━━━━━━━━
    │
    ╰ help: https://book.getfoundry.sh/reference/forge/forge-lint#block-timestamp

warning[unsafe-typecast]: typecasts that can truncate values should be checked
    ╭▸ test/GuardianRegistry.t.sol:331:36
    │
331 │             _stakeGuardian(address(uint160(0x100000 + i)), 10_000e18, 1 + i);
    │                                    ━━━━━━━━━━━━━━━━━━━━━
    │
    ├ note: consider disabling this lint if you're certain the cast is safe
    │       
    │       // casting to 'uint160' is safe because [explain why]
    │       // forge-lint: disable-next-line(unsafe-typecast)
    │       
    │       
    ╰ help: https://book.getfoundry.sh/reference/forge/forge-lint#unsafe-typecast

warning[unsafe-typecast]: typecasts that can truncate values should be checked
     ╭▸ test/ExposureLedger.t.sol:1426:24
     │
1426 │         marketFeed.set(int256(CAP_X8 - 1));
     │                        ━━━━━━━━━━━━━━━━━━
     │
     ├ note: consider disabling this lint if you're certain the cast is safe
     │       
     │       // casting to 'int256' is safe because [explain why]
     │       // forge-lint: disable-next-line(unsafe-typecast)
     │       
     │       
     ╰ help: https://book.getfoundry.sh/reference/forge/forge-lint#unsafe-typecast

warning[divide-before-multiply]: multiplication should occur before division to avoid loss of precision
    ╭▸ src/ChallengeGame.sol:700:29
    │
700 │         uint256 bondWood = (((coverageUsd * challengerBondBps) / BPS_DENOMINATOR) * 1e8) / priceX8;
    │                             ━━━━━━━━━━━━━━━━━━━━━━━━━━━━━━━━━━━━━━━━━━━━━━━━━━━━━━━━━━━
    │
    ╰ help: https://book.getfoundry.sh/reference/forge/forge-lint#divide-before-multiply

warning[block-timestamp]: usage of `block.timestamp` in a comparison may be manipulated by validators
    ╭▸ src/SyndicateGovernor.sol:519:13
    │
519 │         if (block.timestamp < proposal.executedAt + minWait) {
    │             ━━━━━━━━━━━━━━━━━━━━━━━━━━━━━━━━━━━━━━━━━━━━━━━
    │
    ╰ help: https://book.getfoundry.sh/reference/forge/forge-lint#block-timestamp

warning[erc20-unchecked-transfer]: ERC20 'transfer' and 'transferFrom' calls should check the return value
    ╭▸ test/invariants/VaultSolvencyInvariant.t.sol:386:9
    │
386 │         usdc.transfer(address(vault), 1_000_000e6);
    │         ━━━━━━━━━━━━━━━━━━━━━━━━━━━━━━━━━━━━━━━━━━
    │
    ╰ help: https://book.getfoundry.sh/reference/forge/forge-lint#erc20-unchecked-transfer

warning[unsafe-typecast]: typecasts that can truncate values should be checked
    ╭▸ test/mocks/MockMorpho.sol:153:32
    │
153 │         m.totalBorrowAssets += uint128(assets);
    │                                ━━━━━━━━━━━━━━━
    │
    ├ note: consider disabling this lint if you're certain the cast is safe
    │       
    │       // casting to 'uint128' is safe because [explain why]
    │       // forge-lint: disable-next-line(unsafe-typecast)
    │       
    │       
    ╰ help: https://book.getfoundry.sh/reference/forge/forge-lint#unsafe-typecast

warning[unsafe-typecast]: typecasts that can truncate values should be checked
    ╭▸ test/mocks/MockMorpho.sol:154:32
    │
154 │         m.totalBorrowShares += uint128(shares);
    │                                ━━━━━━━━━━━━━━━
    │
    ├ note: consider disabling this lint if you're certain the cast is safe
    │       
    │       // casting to 'uint128' is safe because [explain why]
    │       // forge-lint: disable-next-line(unsafe-typecast)
    │       
    │       
    ╰ help: https://book.getfoundry.sh/reference/forge/forge-lint#unsafe-typecast

warning[unsafe-typecast]: typecasts that can truncate values should be checked
     ╭▸ test/ExposureLedger.t.sol:1430:24
     │
1430 │         marketFeed.set(int256(CAP_X8));
     │                        ━━━━━━━━━━━━━━
     │
     ├ note: consider disabling this lint if you're certain the cast is safe
     │       
     │       // casting to 'int256' is safe because [explain why]
     │       // forge-lint: disable-next-line(unsafe-typecast)
     │       
     │       
     ╰ help: https://book.getfoundry.sh/reference/forge/forge-lint#unsafe-typecast

warning[block-timestamp]: usage of `block.timestamp` in a comparison may be manipulated by validators
    ╭▸ src/TokenCourt.sol:415:13
    │
415 │         if (block.timestamp < c.referredAt + c.voteWindowAtReferral) revert WindowOpen();
    │             ━━━━━━━━━━━━━━━━━━━━━━━━━━━━━━━━━━━━━━━━━━━━━━━━━━━━━━━
    │
    ╰ help: https://book.getfoundry.sh/reference/forge/forge-lint#block-timestamp

warning[block-timestamp]: usage of `block.timestamp` in a comparison may be manipulated by validators
    ╭▸ src/ChallengeGame.sol:885:13
    │
885 │         if (block.timestamp >= c.filedAt + c.autoSlashDelayAtFiling) revert WindowClosed();
    │             ━━━━━━━━━━━━━━━━━━━━━━━━━━━━━━━━━━━━━━━━━━━━━━━━━━━━━━━
    │
    ╰ help: https://book.getfoundry.sh/reference/forge/forge-lint#block-timestamp

warning[erc20-unchecked-transfer]: ERC20 'transfer' and 'transferFrom' calls should check the return value
    ╭▸ test/mocks/MockMorpho.sol:156:9
    │
156 │         IERC20(marketParams.loanToken).transfer(to, assets);
    │         ━━━━━━━━━━━━━━━━━━━━━━━━━━━━━━━━━━━━━━━━━━━━━━━━━━━
    │
    ╰ help: https://book.getfoundry.sh/reference/forge/forge-lint#erc20-unchecked-transfer

warning[unsafe-typecast]: typecasts that can truncate values should be checked
    ╭▸ src/GuardianRegistry.sol:395:72
    │
395 │         emit ReviewRegistered(msg.sender, proposalId, uint64(voteEnd), uint64(reviewEnd));
    │                                                                        ━━━━━━━━━━━━━━━━━
    │
    ├ note: consider disabling this lint if you're certain the cast is safe
    │       
    │       // casting to 'uint64' is safe because [explain why]
    │       // forge-lint: disable-next-line(unsafe-typecast)
    │       
    │       
    ╰ help: https://book.getfoundry.sh/reference/forge/forge-lint#unsafe-typecast

warning[unsafe-typecast]: typecasts that can truncate values should be checked
    ╭▸ test/GuardianRegistry.t.sol:333:32
    │
333 │         address last = address(uint160(0x100000 + cap));
    │                                ━━━━━━━━━━━━━━━━━━━━━━━
    │
    ├ note: consider disabling this lint if you're certain the cast is safe
    │       
    │       // casting to 'uint160' is safe because [explain why]
    │       // forge-lint: disable-next-line(unsafe-typecast)
    │       
    │       
    ╰ help: https://book.getfoundry.sh/reference/forge/forge-lint#unsafe-typecast

warning[block-timestamp]: usage of `block.timestamp` in a comparison may be manipulated by validators
    ╭▸ src/SyndicateGovernor.sol:573:17
    │
573 │             if (block.timestamp > proposal.voteEnd) revert ProposalNotCancellable();
    │                 ━━━━━━━━━━━━━━━━━━━━━━━━━━━━━━━━━━
    │
    ╰ help: https://book.getfoundry.sh/reference/forge/forge-lint#block-timestamp

warning[block-timestamp]: usage of `block.timestamp` in a comparison may be manipulated by validators
    ╭▸ src/ChallengeGame.sol:987:17
    │
987 │             if (block.timestamp < c.filedAt + c.autoSlashDelayAtFiling) revert DelayNotElapsed();
    │                 ━━━━━━━━━━━━━━━━━━━━━━━━━━━━━━━━━━━━━━━━━━━━━━━━━━━━━━
    │
    ╰ help: https://book.getfoundry.sh/reference/forge/forge-lint#block-timestamp

warning[block-timestamp]: usage of `block.timestamp` in a comparison may be manipulated by validators
    ╭▸ src/ChallengeGame.sol:988:17
    │
988 │             if (block.timestamp >= c.filedAt + c.disputeTimeoutAtFiling) {
    │                 ━━━━━━━━━━━━━━━━━━━━━━━━━━━━━━━━━━━━━━━━━━━━━━━━━━━━━━━
    │
    ╰ help: https://book.getfoundry.sh/reference/forge/forge-lint#block-timestamp

warning[unsafe-typecast]: typecasts that can truncate values should be checked
     ╭▸ test/ExposureLedger.t.sol:1433:24
     │
1433 │         marketFeed.set(int256(20 * CAP_X8)); // a 20x pump
     │                        ━━━━━━━━━━━━━━━━━━━
     │
     ├ note: consider disabling this lint if you're certain the cast is safe
     │       
     │       // casting to 'int256' is safe because [explain why]
     │       // forge-lint: disable-next-line(unsafe-typecast)
     │       
     │       
     ╰ help: https://book.getfoundry.sh/reference/forge/forge-lint#unsafe-typecast

warning[block-timestamp]: usage of `block.timestamp` in a comparison may be manipulated by validators
    ╭▸ src/SyndicateGovernor.sol:727:17
    │
727 │             if (block.timestamp < executedAt + strategyDuration + IExposureLedger(ledger).challengeWindow()) {
    │                 ━━━━━━━━━━━━━━━━━━━━━━━━━━━━━━━━━━━━━━━━━━━━━━━━━━━━━━━━━━━━━━━━━━━━━━━━━━━━━━━━━━━━━━━━━━━
    │
    ╰ help: https://book.getfoundry.sh/reference/forge/forge-lint#block-timestamp

warning[unsafe-typecast]: typecasts that can truncate values should be checked
    ╭▸ src/TokenCourt.sol:441:47
    │
441 │             bytes4 sel = reason.length >= 4 ? bytes4(reason) : bytes4(0);
    │                                               ━━━━━━━━━━━━━━
    │
    ├ note: consider disabling this lint if you're certain the cast is safe
    │       
    │       // casting to 'bytes4' is safe because [explain why]
    │       // forge-lint: disable-next-line(unsafe-typecast)
    │       
    │       
    ╰ help: https://book.getfoundry.sh/reference/forge/forge-lint#unsafe-typecast

warning[erc20-unchecked-transfer]: ERC20 'transfer' and 'transferFrom' calls should check the return value
    ╭▸ test/mocks/MockMorpho.sol:169:9
    │
169 │         IERC20(marketParams.loanToken).transferFrom(msg.sender, address(this), assets);
    │         ━━━━━━━━━━━━━━━━━━━━━━━━━━━━━━━━━━━━━━━━━━━━━━━━━━━━━━━━━━━━━━━━━━━━━━━━━━━━━━
    │
    ╰ help: https://book.getfoundry.sh/reference/forge/forge-lint#erc20-unchecked-transfer

warning[unsafe-typecast]: typecasts that can truncate values should be checked
    ╭▸ src/GuardianRegistry.sol:593:30
    │
593 │             uint128 weight = uint128(weight256);
    │                              ━━━━━━━━━━━━━━━━━━
    │
    ├ note: consider disabling this lint if you're certain the cast is safe
    │       
    │       // casting to 'uint128' is safe because [explain why]
    │       // forge-lint: disable-next-line(unsafe-typecast)
    │       
    │       
    ╰ help: https://book.getfoundry.sh/reference/forge/forge-lint#unsafe-typecast

warning[block-timestamp]: usage of `block.timestamp` in a comparison may be manipulated by validators
    ╭▸ src/SyndicateGovernor.sol:748:21
    │
748 │                 if (block.timestamp <= deadline) revert ChallengeWindowOpen();
    │                     ━━━━━━━━━━━━━━━━━━━━━━━━━━━
    │
    ╰ help: https://book.getfoundry.sh/reference/forge/forge-lint#block-timestamp

warning[unsafe-typecast]: typecasts that can truncate values should be checked
    ╭▸ test/GuardianRegistry.t.sol:346:30
    │
346 │             vm.prank(address(uint160(0x100000 + i)));
    │                              ━━━━━━━━━━━━━━━━━━━━━
    │
    ├ note: consider disabling this lint if you're certain the cast is safe
    │       
    │       // casting to 'uint160' is safe because [explain why]
    │       // forge-lint: disable-next-line(unsafe-typecast)
    │       
    │       
    ╰ help: https://book.getfoundry.sh/reference/forge/forge-lint#unsafe-typecast

warning[block-timestamp]: usage of `block.timestamp` in a comparison may be manipulated by validators
    ╭▸ src/ChallengeGame.sol:995:17
    │
995 │             if (block.timestamp < c.filedAt + c.disputeTimeoutAtFiling) revert DelayNotElapsed();
    │                 ━━━━━━━━━━━━━━━━━━━━━━━━━━━━━━━━━━━━━━━━━━━━━━━━━━━━━━
    │
    ╰ help: https://book.getfoundry.sh/reference/forge/forge-lint#block-timestamp

warning[unsafe-typecast]: typecasts that can truncate values should be checked
     ╭▸ test/ExposureLedger.t.sol:1448:37
     │
1448 │         MockFeed hot = new MockFeed(int256(int256(CAP_X8) * 20), 8);
     │                                     ━━━━━━━━━━━━━━━━━━━━━━━━━━━
     │
     ├ note: consider disabling this lint if you're certain the cast is safe
     │       
     │       // casting to 'int256' is safe because [explain why]
     │       // forge-lint: disable-next-line(unsafe-typecast)
     │       
     │       
     ╰ help: https://book.getfoundry.sh/reference/forge/forge-lint#unsafe-typecast

warning[unsafe-typecast]: typecasts that can truncate values should be checked
     ╭▸ test/ExposureLedger.t.sol:1448:44
     │
1448 │         MockFeed hot = new MockFeed(int256(int256(CAP_X8) * 20), 8);
     │                                            ━━━━━━━━━━━━━━
     │
     ├ note: consider disabling this lint if you're certain the cast is safe
     │       
     │       // casting to 'int256' is safe because [explain why]
     │       // forge-lint: disable-next-line(unsafe-typecast)
     │       
     │       
     ╰ help: https://book.getfoundry.sh/reference/forge/forge-lint#unsafe-typecast

warning[unsafe-typecast]: typecasts that can truncate values should be checked
    ╭▸ test/GuardianRegistry.t.sol:382:36
    │
382 │             _stakeGuardian(address(uint160(0x300000 + i)), 10_000e18, 1 + i);
    │                                    ━━━━━━━━━━━━━━━━━━━━━
    │
    ├ note: consider disabling this lint if you're certain the cast is safe
    │       
    │       // casting to 'uint160' is safe because [explain why]
    │       // forge-lint: disable-next-line(unsafe-typecast)
    │       
    │       
    ╰ help: https://book.getfoundry.sh/reference/forge/forge-lint#unsafe-typecast

warning[block-timestamp]: usage of `block.timestamp` in a comparison may be manipulated by validators
     ╭▸ src/ChallengeGame.sol:1028:13
     │
1028 │         if (block.timestamp >= c.filedAt + c.disputeTimeoutAtFiling) revert WindowClosed();
     │             ━━━━━━━━━━━━━━━━━━━━━━━━━━━━━━━━━━━━━━━━━━━━━━━━━━━━━━━
     │
     ╰ help: https://book.getfoundry.sh/reference/forge/forge-lint#block-timestamp

warning[incorrect-shift]: the order of args in a shift operation is incorrect
    ╭▸ test/invariants/handlers/VaultSolvencyHandler.sol:137:27
    │
137 │         uint256 divisor = 1 << bound(uint256(keccak256(abi.encode(seed, "div"))), 0, 4);
    │                           ━━━━━━━━━━━━━━━━━━━━━━━━━━━━━━━━━━━━━━━━━━━━━━━━━━━━━━━━━━━━━
    │
    ╰ help: https://book.getfoundry.sh/reference/forge/forge-lint#incorrect-shift

warning[block-timestamp]: usage of `block.timestamp` in a comparison may be manipulated by validators
   ╭▸ src/ProposalLifecycle.sol:64:21
   │
64 │             return (block.timestamp > collaborationDeadline[p.id] ? ProposalState.Expired : ProposalState.Draft, false);
   │                     ━━━━━━━━━━━━━━━━━━━━━━━━━━━━━━━━━━━━━━━━━━━━━
   │
   ╰ help: https://book.getfoundry.sh/reference/forge/forge-lint#block-timestamp

warning[block-timestamp]: usage of `block.timestamp` in a comparison may be manipulated by validators
   ╭▸ src/ProposalLifecycle.sol:68:17
   │
68 │             if (block.timestamp <= p.voteEnd) return (ProposalState.Pending, false);
   │                 ━━━━━━━━━━━━━━━━━━━━━━━━━━━━
   │
   ╰ help: https://book.getfoundry.sh/reference/forge/forge-lint#block-timestamp

warning[block-timestamp]: usage of `block.timestamp` in a comparison may be manipulated by validators
    ╭▸ src/ProposalLifecycle.sol:105:21
    │
105 │             return (block.timestamp > p.executeBy ? ProposalState.Expired : ProposalState.Approved, false);
    │                     ━━━━━━━━━━━━━━━━━━━━━━━━━━━━━
    │
    ╰ help: https://book.getfoundry.sh/reference/forge/forge-lint#block-timestamp

warning[block-timestamp]: usage of `block.timestamp` in a comparison may be manipulated by validators
    ╭▸ src/SyndicateGovernor.sol:784:55
    │
784 │             if (storedState == ProposalState.Draft && block.timestamp > collaborationDeadline[proposalId]) {
    │                                                       ━━━━━━━━━━━━━━━━━━━━━━━━━━━━━━━━━━━━━━━━━━━━━━━━━━━
    │
    ╰ help: https://book.getfoundry.sh/reference/forge/forge-lint#block-timestamp

warning[unsafe-typecast]: typecasts that can truncate values should be checked
     ╭▸ test/ExposureLedger.t.sol:1582:24
     │
1582 │         marketFeed.set(int256(20 * CAP_X8)); // cap-bound branch
     │                        ━━━━━━━━━━━━━━━━━━━
     │
     ├ note: consider disabling this lint if you're certain the cast is safe
     │       
     │       // casting to 'int256' is safe because [explain why]
     │       // forge-lint: disable-next-line(unsafe-typecast)
     │       
     │       
     ╰ help: https://book.getfoundry.sh/reference/forge/forge-lint#unsafe-typecast

warning[unsafe-typecast]: typecasts that can truncate values should be checked
     ╭▸ test/ExposureLedger.t.sol:1587:24
     │
1587 │         marketFeed.set(int256(MARKET_X8));
     │                        ━━━━━━━━━━━━━━━━━
     │
     ├ note: consider disabling this lint if you're certain the cast is safe
     │       
     │       // casting to 'int256' is safe because [explain why]
     │       // forge-lint: disable-next-line(unsafe-typecast)
     │       
     │       
     ╰ help: https://book.getfoundry.sh/reference/forge/forge-lint#unsafe-typecast

warning[unsafe-typecast]: typecasts that can truncate values should be checked
     ╭▸ test/ExposureLedger.t.sol:1617:24
     │
1617 │         marketFeed.set(int256(2 * MARKET_X8));
     │                        ━━━━━━━━━━━━━━━━━━━━━
     │
     ├ note: consider disabling this lint if you're certain the cast is safe
     │       
     │       // casting to 'int256' is safe because [explain why]
     │       // forge-lint: disable-next-line(unsafe-typecast)
     │       
     │       
     ╰ help: https://book.getfoundry.sh/reference/forge/forge-lint#unsafe-typecast

warning[unsafe-typecast]: typecasts that can truncate values should be checked
    ╭▸ src/GuardianRegistry.sol:706:24
    │
706 │         er.reviewEnd = uint64(block.timestamp + reviewPeriod);
    │                        ━━━━━━━━━━━━━━━━━━━━━━━━━━━━━━━━━━━━━━
    │
    ├ note: consider disabling this lint if you're certain the cast is safe
    │       
    │       // casting to 'uint64' is safe because [explain why]
    │       // forge-lint: disable-next-line(unsafe-typecast)
    │       
    │       
    ╰ help: https://book.getfoundry.sh/reference/forge/forge-lint#unsafe-typecast

warning[unsafe-typecast]: typecasts that can truncate values should be checked
    ╭▸ src/ChallengeGame.sol:798:17
    │
798 │             if (bytes4(data) == selector) return true;
    │                 ━━━━━━━━━━━━
    │
    ├ note: consider disabling this lint if you're certain the cast is safe
    │       
    │       // casting to 'bytes4' is safe because [explain why]
    │       // forge-lint: disable-next-line(unsafe-typecast)
    │       
    │       
    ╰ help: https://book.getfoundry.sh/reference/forge/forge-lint#unsafe-typecast

warning[unsafe-typecast]: typecasts that can truncate values should be checked
    ╭▸ test/GuardianRegistry.t.sol:384:33
    │
384 │         address whale = address(uint160(0x300000 + squat));
    │                                 ━━━━━━━━━━━━━━━━━━━━━━━━━
    │
    ├ note: consider disabling this lint if you're certain the cast is safe
    │       
    │       // casting to 'uint160' is safe because [explain why]
    │       // forge-lint: disable-next-line(unsafe-typecast)
    │       
    │       
    ╰ help: https://book.getfoundry.sh/reference/forge/forge-lint#unsafe-typecast

warning[unsafe-typecast]: typecasts that can truncate values should be checked
    ╭▸ src/SyndicateGovernor.sol:814:50
    │
814 │             proposal.voteEnd = block.timestamp + uint128(packed); // low 128 = votingPeriod
    │                                                  ━━━━━━━━━━━━━━━
    │
    ├ note: consider disabling this lint if you're certain the cast is safe
    │       
    │       // casting to 'uint128' is safe because [explain why]
    │       // forge-lint: disable-next-line(unsafe-typecast)
    │       
    │       
    ╰ help: https://book.getfoundry.sh/reference/forge/forge-lint#unsafe-typecast

warning[unsafe-typecast]: typecasts that can truncate values should be checked
     ╭▸ test/ExposureLedger.t.sol:1628:24
     │
1628 │         marketFeed.set(int256(MARKET_X8));
     │                        ━━━━━━━━━━━━━━━━━
     │
     ├ note: consider disabling this lint if you're certain the cast is safe
     │       
     │       // casting to 'int256' is safe because [explain why]
     │       // forge-lint: disable-next-line(unsafe-typecast)
     │       
     │       
     ╰ help: https://book.getfoundry.sh/reference/forge/forge-lint#unsafe-typecast

warning[unsafe-typecast]: typecasts that can truncate values should be checked
    ╭▸ test/invariants/handlers/VaultSolvencyHandler.sol:155:33
    │
155 │         if (_runLifecycle(seed, int256(profit))) {
    │                                 ━━━━━━━━━━━━━━
    │
    ├ note: consider disabling this lint if you're certain the cast is safe
    │       
    │       // casting to 'int256' is safe because [explain why]
    │       // forge-lint: disable-next-line(unsafe-typecast)
    │       
    │       
    ╰ help: https://book.getfoundry.sh/reference/forge/forge-lint#unsafe-typecast

warning[unsafe-typecast]: typecasts that can truncate values should be checked
    ╭▸ test/mocks/MockMorpho.sol:200:32
    │
200 │         m.totalSupplyAssets += uint128(assets);
    │                                ━━━━━━━━━━━━━━━
    │
    ├ note: consider disabling this lint if you're certain the cast is safe
    │       
    │       // casting to 'uint128' is safe because [explain why]
    │       // forge-lint: disable-next-line(unsafe-typecast)
    │       
    │       
    ╰ help: https://book.getfoundry.sh/reference/forge/forge-lint#unsafe-typecast

warning[block-timestamp]: usage of `block.timestamp` in a comparison may be manipulated by validators
    ╭▸ src/ProposalLifecycle.sol:114:13
    │
114 │         if (block.timestamp <= p.reviewEnd) return (ProposalState.GuardianReview, false);
    │             ━━━━━━━━━━━━━━━━━━━━━━━━━━━━━━
    │
    ╰ help: https://book.getfoundry.sh/reference/forge/forge-lint#block-timestamp

warning[block-timestamp]: usage of `block.timestamp` in a comparison may be manipulated by validators
    ╭▸ src/ProposalLifecycle.sol:116:21
    │
116 │             return (block.timestamp > p.executeBy ? ProposalState.Expired : ProposalState.Approved, false);
    │                     ━━━━━━━━━━━━━━━━━━━━━━━━━━━━━
    │
    ╰ help: https://book.getfoundry.sh/reference/forge/forge-lint#block-timestamp

warning[block-timestamp]: usage of `block.timestamp` in a comparison may be manipulated by validators
    ╭▸ src/ProposalLifecycle.sol:133:21
    │
133 │             return (block.timestamp > p.executeBy ? ProposalState.Expired : ProposalState.GuardianReview, false);
    │                     ━━━━━━━━━━━━━━━━━━━━━━━━━━━━━
    │
    ╰ help: https://book.getfoundry.sh/reference/forge/forge-lint#block-timestamp

warning[unsafe-typecast]: typecasts that can truncate values should be checked
    ╭▸ test/mocks/MockMorpho.sol:201:32
    │
201 │         m.totalSupplyShares += uint128(mintedShares);
    │                                ━━━━━━━━━━━━━━━━━━━━━
    │
    ├ note: consider disabling this lint if you're certain the cast is safe
    │       
    │       // casting to 'uint128' is safe because [explain why]
    │       // forge-lint: disable-next-line(unsafe-typecast)
    │       
    │       
    ╰ help: https://book.getfoundry.sh/reference/forge/forge-lint#unsafe-typecast

warning[unsafe-typecast]: typecasts that can truncate values should be checked
    ╭▸ src/GuardianRegistry.sol:709:31
    │
709 │         er.totalStakeAtOpen = uint128(gs);
    │                               ━━━━━━━━━━━
    │
    ├ note: consider disabling this lint if you're certain the cast is safe
    │       
    │       // casting to 'uint128' is safe because [explain why]
    │       // forge-lint: disable-next-line(unsafe-typecast)
    │       
    │       
    ╰ help: https://book.getfoundry.sh/reference/forge/forge-lint#unsafe-typecast

warning[unsafe-typecast]: typecasts that can truncate values should be checked
    ╭▸ src/GuardianRegistry.sol:713:23
    │
713 │         er.openedAt = uint64(ts1);
    │                       ━━━━━━━━━━━
    │
    ├ note: consider disabling this lint if you're certain the cast is safe
    │       
    │       // casting to 'uint64' is safe because [explain why]
    │       // forge-lint: disable-next-line(unsafe-typecast)
    │       
    │       
    ╰ help: https://book.getfoundry.sh/reference/forge/forge-lint#unsafe-typecast

warning[unsafe-typecast]: typecasts that can truncate values should be checked
    ╭▸ test/invariants/handlers/VaultSolvencyHandler.sol:170:34
    │
170 │         if (_runLifecycle(seed, -int256(loss))) {
    │                                  ━━━━━━━━━━━━
    │
    ├ note: consider disabling this lint if you're certain the cast is safe
    │       
    │       // casting to 'int256' is safe because [explain why]
    │       // forge-lint: disable-next-line(unsafe-typecast)
    │       
    │       
    ╰ help: https://book.getfoundry.sh/reference/forge/forge-lint#unsafe-typecast

warning[unsafe-typecast]: typecasts that can truncate values should be checked
     ╭▸ src/ChallengeGame.sol:1542:16
     │
1542 │         return int256(rewardBps) - int256(costBps);
     │                ━━━━━━━━━━━━━━━━━
     │
     ├ note: consider disabling this lint if you're certain the cast is safe
     │       
     │       // casting to 'int256' is safe because [explain why]
     │       // forge-lint: disable-next-line(unsafe-typecast)
     │       
     │       
     ╰ help: https://book.getfoundry.sh/reference/forge/forge-lint#unsafe-typecast

warning[unsafe-typecast]: typecasts that can truncate values should be checked
     ╭▸ src/ChallengeGame.sol:1542:36
     │
1542 │         return int256(rewardBps) - int256(costBps);
     │                                    ━━━━━━━━━━━━━━━
     │
     ├ note: consider disabling this lint if you're certain the cast is safe
     │       
     │       // casting to 'int256' is safe because [explain why]
     │       // forge-lint: disable-next-line(unsafe-typecast)
     │       
     │       
     ╰ help: https://book.getfoundry.sh/reference/forge/forge-lint#unsafe-typecast

warning[unsafe-typecast]: typecasts that can truncate values should be checked
     ╭▸ test/ExposureLedger.t.sol:1634:24
     │
1634 │         marketFeed.set(int256(4 * MARKET_X8));
     │                        ━━━━━━━━━━━━━━━━━━━━━
     │
     ├ note: consider disabling this lint if you're certain the cast is safe
     │       
     │       // casting to 'int256' is safe because [explain why]
     │       // forge-lint: disable-next-line(unsafe-typecast)
     │       
     │       
     ╰ help: https://book.getfoundry.sh/reference/forge/forge-lint#unsafe-typecast

warning[unsafe-typecast]: typecasts that can truncate values should be checked
    ╭▸ src/GuardianRegistry.sol:765:24
    │
765 │         er.reviewEnd = uint64(block.timestamp + reviewPeriod);
    │                        ━━━━━━━━━━━━━━━━━━━━━━━━━━━━━━━━━━━━━━
    │
    ├ note: consider disabling this lint if you're certain the cast is safe
    │       
    │       // casting to 'uint64' is safe because [explain why]
    │       // forge-lint: disable-next-line(unsafe-typecast)
    │       
    │       
    ╰ help: https://book.getfoundry.sh/reference/forge/forge-lint#unsafe-typecast

warning[unsafe-typecast]: typecasts that can truncate values should be checked
    ╭▸ test/invariants/handlers/VaultSolvencyHandler.sol:247:39
    │
247 │             usdc.mint(address(vault), uint256(pnlSigned));
    │                                       ━━━━━━━━━━━━━━━━━━
    │
    ├ note: consider disabling this lint if you're certain the cast is safe
    │       
    │       // casting to 'uint256' is safe because [explain why]
    │       // forge-lint: disable-next-line(unsafe-typecast)
    │       
    │       
    ╰ help: https://book.getfoundry.sh/reference/forge/forge-lint#unsafe-typecast

warning[unsafe-typecast]: typecasts that can truncate values should be checked
     ╭▸ src/SyndicateGovernor.sol:1496:15
     │
1496 │         pnl = int256(balanceAdjusted) - int256(snapshot);
     │               ━━━━━━━━━━━━━━━━━━━━━━━
     │
     ├ note: consider disabling this lint if you're certain the cast is safe
     │       
     │       // casting to 'int256' is safe because [explain why]
     │       // forge-lint: disable-next-line(unsafe-typecast)
     │       
     │       
     ╰ help: https://book.getfoundry.sh/reference/forge/forge-lint#unsafe-typecast

warning[block-timestamp]: usage of `block.timestamp` in a comparison may be manipulated by validators
    ╭▸ src/ProposalLifecycle.sol:140:17
    │
140 │         return (block.timestamp > p.executeBy ? ProposalState.Expired : ProposalState.Approved, true);
    │                 ━━━━━━━━━━━━━━━━━━━━━━━━━━━━━
    │
    ╰ help: https://book.getfoundry.sh/reference/forge/forge-lint#block-timestamp

warning[unsafe-typecast]: typecasts that can truncate values should be checked
    ╭▸ test/GuardianRegistry.t.sol:393:30
    │
393 │             vm.prank(address(uint160(0x300000 + i)));
    │                              ━━━━━━━━━━━━━━━━━━━━━
    │
    ├ note: consider disabling this lint if you're certain the cast is safe
    │       
    │       // casting to 'uint160' is safe because [explain why]
    │       // forge-lint: disable-next-line(unsafe-typecast)
    │       
    │       
    ╰ help: https://book.getfoundry.sh/reference/forge/forge-lint#unsafe-typecast

warning[unsafe-typecast]: typecasts that can truncate values should be checked
   ╭▸ src/vendor/uniswap/TickMath.sol:31:38
   │
31 │         uint256 absTick = tick < 0 ? uint256(-int256(tick)) : uint256(int256(tick));
   │                                      ━━━━━━━━━━━━━━━━━━━━━━
   │
   ├ note: consider disabling this lint if you're certain the cast is safe
   │       
   │       // casting to 'uint256' is safe because [explain why]
   │       // forge-lint: disable-next-line(unsafe-typecast)
   │       
   │       
   ╰ help: https://book.getfoundry.sh/reference/forge/forge-lint#unsafe-typecast

warning[unsafe-typecast]: typecasts that can truncate values should be checked
    ╭▸ test/invariants/handlers/VaultSolvencyHandler.sol:250:30
    │
250 │             uint256 toBurn = uint256(-pnlSigned);
    │                              ━━━━━━━━━━━━━━━━━━━
    │
    ├ note: consider disabling this lint if you're certain the cast is safe
    │       
    │       // casting to 'uint256' is safe because [explain why]
    │       // forge-lint: disable-next-line(unsafe-typecast)
    │       
    │       
    ╰ help: https://book.getfoundry.sh/reference/forge/forge-lint#unsafe-typecast

warning[unsafe-typecast]: typecasts that can truncate values should be checked
     ╭▸ test/ExposureLedger.t.sol:2071:45
     │
2071 │         MockFeed ledWoodFeed = new MockFeed(int256(MARKET_X8), 8);
     │                                             ━━━━━━━━━━━━━━━━━
     │
     ├ note: consider disabling this lint if you're certain the cast is safe
     │       
     │       // casting to 'int256' is safe because [explain why]
     │       // forge-lint: disable-next-line(unsafe-typecast)
     │       
     │       
     ╰ help: https://book.getfoundry.sh/reference/forge/forge-lint#unsafe-typecast

warning[unsafe-typecast]: typecasts that can truncate values should be checked
    ╭▸ test/GuardianRegistry.t.sol:471:24
    │
471 │         return address(uint160(0xAA00 + i + 1));
    │                        ━━━━━━━━━━━━━━━━━━━━━━━
    │
    ├ note: consider disabling this lint if you're certain the cast is safe
    │       
    │       // casting to 'uint160' is safe because [explain why]
    │       // forge-lint: disable-next-line(unsafe-typecast)
    │       
    │       
    ╰ help: https://book.getfoundry.sh/reference/forge/forge-lint#unsafe-typecast

warning[unsafe-typecast]: typecasts that can truncate values should be checked
     ╭▸ src/SyndicateGovernor.sol:1496:41
     │
1496 │         pnl = int256(balanceAdjusted) - int256(snapshot);
     │                                         ━━━━━━━━━━━━━━━━
     │
     ├ note: consider disabling this lint if you're certain the cast is safe
     │       
     │       // casting to 'int256' is safe because [explain why]
     │       // forge-lint: disable-next-line(unsafe-typecast)
     │       
     │       
     ╰ help: https://book.getfoundry.sh/reference/forge/forge-lint#unsafe-typecast

warning[erc20-unchecked-transfer]: ERC20 'transfer' and 'transferFrom' calls should check the return value
    ╭▸ test/invariants/handlers/VaultSolvencyHandler.sol:256:13
    │
256 │             usdc.transfer(sink, toBurn);
    │             ━━━━━━━━━━━━━━━━━━━━━━━━━━━
    │
    ╰ help: https://book.getfoundry.sh/reference/forge/forge-lint#erc20-unchecked-transfer

warning[unsafe-typecast]: typecasts that can truncate values should be checked
     ╭▸ src/GuardianRegistry.sol:1053:26
     │
1053 │         uint128 weight = uint128(weight256);
     │                          ━━━━━━━━━━━━━━━━━━
     │
     ├ note: consider disabling this lint if you're certain the cast is safe
     │       
     │       // casting to 'uint128' is safe because [explain why]
     │       // forge-lint: disable-next-line(unsafe-typecast)
     │       
     │       
     ╰ help: https://book.getfoundry.sh/reference/forge/forge-lint#unsafe-typecast

warning[block-timestamp]: usage of `block.timestamp` in a comparison may be manipulated by validators
   ╭▸ src/GovernorEmergency.sol:67:13
   │
67 │         if (block.timestamp < p.executedAt + p.strategyDuration) revert StrategyDurationNotElapsed();
   │             ━━━━━━━━━━━━━━━━━━━━━━━━━━━━━━━━━━━━━━━━━━━━━━━━━━━
   │
   ╰ help: https://book.getfoundry.sh/reference/forge/forge-lint#block-timestamp

warning[block-timestamp]: usage of `block.timestamp` in a comparison may be manipulated by validators
   ╭▸ src/GovernorEmergency.sol:85:13
   │
85 │         if (block.timestamp < p.executedAt + p.strategyDuration) revert StrategyDurationNotElapsed();
   │             ━━━━━━━━━━━━━━━━━━━━━━━━━━━━━━━━━━━━━━━━━━━━━━━━━━━
   │
   ╰ help: https://book.getfoundry.sh/reference/forge/forge-lint#block-timestamp

warning[unsafe-typecast]: typecasts that can truncate values should be checked
   ╭▸ src/vendor/uniswap/TickMath.sol:31:63
   │
31 │         uint256 absTick = tick < 0 ? uint256(-int256(tick)) : uint256(int256(tick));
   │                                                               ━━━━━━━━━━━━━━━━━━━━━
   │
   ├ note: consider disabling this lint if you're certain the cast is safe
   │       
   │       // casting to 'uint256' is safe because [explain why]
   │       // forge-lint: disable-next-line(unsafe-typecast)
   │       
   │       
   ╰ help: https://book.getfoundry.sh/reference/forge/forge-lint#unsafe-typecast

warning[unsafe-typecast]: typecasts that can truncate values should be checked
   ╭▸ src/vendor/uniswap/TickMath.sol:32:28
   │
32 │         require(absTick <= uint256(int256(MAX_TICK)), "T");
   │                            ━━━━━━━━━━━━━━━━━━━━━━━━━
   │
   ├ note: consider disabling this lint if you're certain the cast is safe
   │       
   │       // casting to 'uint256' is safe because [explain why]
   │       // forge-lint: disable-next-line(unsafe-typecast)
   │       
   │       
   ╰ help: https://book.getfoundry.sh/reference/forge/forge-lint#unsafe-typecast

warning[block-timestamp]: usage of `block.timestamp` in a comparison may be manipulated by validators
    ╭▸ src/pricing/WoodPoolFeed.sol:287:23
    │
287 │         uint256 age = block.timestamp > updatedAt ? block.timestamp - updatedAt : 0;
    │                       ━━━━━━━━━━━━━━━━━━━━━━━━━━━
    │
    ╰ help: https://book.getfoundry.sh/reference/forge/forge-lint#block-timestamp

warning[unsafe-typecast]: typecasts that can truncate values should be checked
    ╭▸ test/GuardianRegistry.t.sol:585:36
    │
585 │             _stakeGuardian(address(uint160(0x200000 + i)), 10_000e18, 1 + i);
    │                                    ━━━━━━━━━━━━━━━━━━━━━
    │
    ├ note: consider disabling this lint if you're certain the cast is safe
    │       
    │       // casting to 'uint160' is safe because [explain why]
    │       // forge-lint: disable-next-line(unsafe-typecast)
    │       
    │       
    ╰ help: https://book.getfoundry.sh/reference/forge/forge-lint#unsafe-typecast

warning[unsafe-typecast]: typecasts that can truncate values should be checked
    ╭▸ test/GuardianRegistry.t.sol:597:30
    │
597 │             vm.prank(address(uint160(0x200000 + i)));
    │                              ━━━━━━━━━━━━━━━━━━━━━
    │
    ├ note: consider disabling this lint if you're certain the cast is safe
    │       
    │       // casting to 'uint160' is safe because [explain why]
    │       // forge-lint: disable-next-line(unsafe-typecast)
    │       
    │       
    ╰ help: https://book.getfoundry.sh/reference/forge/forge-lint#unsafe-typecast

warning[unsafe-typecast]: typecasts that can truncate values should be checked
    ╭▸ test/GuardianRegistry.t.sol:650:24
    │
650 │         return address(uint160(0xAA00 + i + 1));
    │                        ━━━━━━━━━━━━━━━━━━━━━━━
    │
    ├ note: consider disabling this lint if you're certain the cast is safe
    │       
    │       // casting to 'uint160' is safe because [explain why]
    │       // forge-lint: disable-next-line(unsafe-typecast)
    │       
    │       
    ╰ help: https://book.getfoundry.sh/reference/forge/forge-lint#unsafe-typecast

warning[unsafe-typecast]: typecasts that can truncate values should be checked
    ╭▸ test/GuardianRegistry.t.sol:954:24
    │
954 │         return address(uint160(0xAA00 + i + 1));
    │                        ━━━━━━━━━━━━━━━━━━━━━━━
    │
    ├ note: consider disabling this lint if you're certain the cast is safe
    │       
    │       // casting to 'uint160' is safe because [explain why]
    │       // forge-lint: disable-next-line(unsafe-typecast)
    │       
    │       
    ╰ help: https://book.getfoundry.sh/reference/forge/forge-lint#unsafe-typecast

warning[unsafe-typecast]: typecasts that can truncate values should be checked
   ╭▸ src/vendor/morpho/MorphoLibs.sol:96:16
   │
96 │         return uint128(x);
   │                ━━━━━━━━━━
   │
   ├ note: consider disabling this lint if you're certain the cast is safe
   │       
   │       // casting to 'uint128' is safe because [explain why]
   │       // forge-lint: disable-next-line(unsafe-typecast)
   │       
   │       
   ╰ help: https://book.getfoundry.sh/reference/forge/forge-lint#unsafe-typecast

warning[erc20-unchecked-transfer]: ERC20 'transfer' and 'transferFrom' calls should check the return value
    ╭▸ test/mocks/MockMorpho.sol:203:9
    │
203 │         IERC20(marketParams.loanToken).transferFrom(msg.sender, address(this), assets);
    │         ━━━━━━━━━━━━━━━━━━━━━━━━━━━━━━━━━━━━━━━━━━━━━━━━━━━━━━━━━━━━━━━━━━━━━━━━━━━━━━
    │
    ╰ help: https://book.getfoundry.sh/reference/forge/forge-lint#erc20-unchecked-transfer

warning[unsafe-typecast]: typecasts that can truncate values should be checked
    ╭▸ test/mocks/MockMorpho.sol:230:32
    │
230 │         m.totalSupplyAssets -= uint128(assets);
    │                                ━━━━━━━━━━━━━━━
    │
    ├ note: consider disabling this lint if you're certain the cast is safe
    │       
    │       // casting to 'uint128' is safe because [explain why]
    │       // forge-lint: disable-next-line(unsafe-typecast)
    │       
    │       
    ╰ help: https://book.getfoundry.sh/reference/forge/forge-lint#unsafe-typecast

warning[unsafe-typecast]: typecasts that can truncate values should be checked
    ╭▸ test/mocks/MockMorpho.sol:231:32
    │
231 │         m.totalSupplyShares -= uint128(shares);
    │                                ━━━━━━━━━━━━━━━
    │
    ├ note: consider disabling this lint if you're certain the cast is safe
    │       
    │       // casting to 'uint128' is safe because [explain why]
    │       // forge-lint: disable-next-line(unsafe-typecast)
    │       
    │       
    ╰ help: https://book.getfoundry.sh/reference/forge/forge-lint#unsafe-typecast

warning[erc20-unchecked-transfer]: ERC20 'transfer' and 'transferFrom' calls should check the return value
    ╭▸ test/mocks/MockMorpho.sol:234:9
    │
234 │         IERC20(marketParams.loanToken).transfer(receiver, assets);
    │         ━━━━━━━━━━━━━━━━━━━━━━━━━━━━━━━━━━━━━━━━━━━━━━━━━━━━━━━━━
    │
    ╰ help: https://book.getfoundry.sh/reference/forge/forge-lint#erc20-unchecked-transfer

warning[unsafe-typecast]: typecasts that can truncate values should be checked
    ╭▸ test/mocks/MockMorpho.sol:255:47
    │
255 │         _position[id][onBehalf].collateral += uint128(assets);
    │                                               ━━━━━━━━━━━━━━━
    │
    ├ note: consider disabling this lint if you're certain the cast is safe
    │       
    │       // casting to 'uint128' is safe because [explain why]
    │       // forge-lint: disable-next-line(unsafe-typecast)
    │       
    │       
    ╰ help: https://book.getfoundry.sh/reference/forge/forge-lint#unsafe-typecast

warning[unsafe-typecast]: typecasts that can truncate values should be checked
    ╭▸ test/GuardianRegistry.t.sol:966:22
    │
966 │         reviewEnd_ = uint64(vm.getBlockTimestamp() + REVIEW_PERIOD);
    │                      ━━━━━━━━━━━━━━━━━━━━━━━━━━━━━━━━━━━━━━━━━━━━━━
    │
    ├ note: consider disabling this lint if you're certain the cast is safe
    │       
    │       // casting to 'uint64' is safe because [explain why]
    │       // forge-lint: disable-next-line(unsafe-typecast)
    │       
    │       
    ╰ help: https://book.getfoundry.sh/reference/forge/forge-lint#unsafe-typecast

warning[erc20-unchecked-transfer]: ERC20 'transfer' and 'transferFrom' calls should check the return value
    ╭▸ test/mocks/MockMorpho.sol:256:9
    │
256 │         IERC20(marketParams.collateralToken).transferFrom(msg.sender, address(this), assets);
    │         ━━━━━━━━━━━━━━━━━━━━━━━━━━━━━━━━━━━━━━━━━━━━━━━━━━━━━━━━━━━━━━━━━━━━━━━━━━━━━━━━━━━━
    │
    ╰ help: https://book.getfoundry.sh/reference/forge/forge-lint#erc20-unchecked-transfer

warning[unsafe-typecast]: typecasts that can truncate values should be checked
    ╭▸ test/mocks/MockMorpho.sol:297:27
    │
297 │         pos.collateral -= uint128(assets);
    │                           ━━━━━━━━━━━━━━━
    │
    ├ note: consider disabling this lint if you're certain the cast is safe
    │       
    │       // casting to 'uint128' is safe because [explain why]
    │       // forge-lint: disable-next-line(unsafe-typecast)
    │       
    │       
    ╰ help: https://book.getfoundry.sh/reference/forge/forge-lint#unsafe-typecast

warning[erc20-unchecked-transfer]: ERC20 'transfer' and 'transferFrom' calls should check the return value
    ╭▸ test/mocks/MockMorpho.sol:298:9
    │
298 │         IERC20(marketParams.collateralToken).transfer(receiver, assets);
    │         ━━━━━━━━━━━━━━━━━━━━━━━━━━━━━━━━━━━━━━━━━━━━━━━━━━━━━━━━━━━━━━━
    │
    ╰ help: https://book.getfoundry.sh/reference/forge/forge-lint#erc20-unchecked-transfer

warning[unsafe-typecast]: typecasts that can truncate values should be checked
    ╭▸ test/mocks/MockMorpho.sol:316:49
    │
316 │         _position[id][onBehalf].borrowShares += uint128(mintedShares);
    │                                                 ━━━━━━━━━━━━━━━━━━━━━
    │
    ├ note: consider disabling this lint if you're certain the cast is safe
    │       
    │       // casting to 'uint128' is safe because [explain why]
    │       // forge-lint: disable-next-line(unsafe-typecast)
    │       
    │       
    ╰ help: https://book.getfoundry.sh/reference/forge/forge-lint#unsafe-typecast

warning[unsafe-typecast]: typecasts that can truncate values should be checked
    ╭▸ test/GuardianRegistry.t.sol:993:30
    │
993 │         uint64 expectedEnd = uint64(vm.getBlockTimestamp() + REVIEW_PERIOD);
    │                              ━━━━━━━━━━━━━━━━━━━━━━━━━━━━━━━━━━━━━━━━━━━━━━
    │
    ├ note: consider disabling this lint if you're certain the cast is safe
    │       
    │       // casting to 'uint64' is safe because [explain why]
    │       // forge-lint: disable-next-line(unsafe-typecast)
    │       
    │       
    ╰ help: https://book.getfoundry.sh/reference/forge/forge-lint#unsafe-typecast

warning[unsafe-typecast]: typecasts that can truncate values should be checked
     ╭▸ test/GuardianRegistry.t.sol:1002:36
     │
1002 │             _stakeGuardian(address(uint160(0xBB00 + i)), 10_000e18, 1 + i);
     │                                    ━━━━━━━━━━━━━━━━━━━
     │
     ├ note: consider disabling this lint if you're certain the cast is safe
     │       
     │       // casting to 'uint160' is safe because [explain why]
     │       // forge-lint: disable-next-line(unsafe-typecast)
     │       
     │       
     ╰ help: https://book.getfoundry.sh/reference/forge/forge-lint#unsafe-typecast

warning[unsafe-typecast]: typecasts that can truncate values should be checked
     ╭▸ test/GuardianRegistry.t.sol:1247:36
     │
1247 │             _stakeGuardian(address(uint160(0xAA01 + i)), 10_000e18, 1 + i);
     │                                    ━━━━━━━━━━━━━━━━━━━
     │
     ├ note: consider disabling this lint if you're certain the cast is safe
     │       
     │       // casting to 'uint160' is safe because [explain why]
     │       // forge-lint: disable-next-line(unsafe-typecast)
     │       
     │       
     ╰ help: https://book.getfoundry.sh/reference/forge/forge-lint#unsafe-typecast

warning[unsafe-typecast]: typecasts that can truncate values should be checked
     ╭▸ test/ExposureLedger.t.sol:2315:24
     │
2315 │         marketFeed.set(int256(MARKET_X8));
     │                        ━━━━━━━━━━━━━━━━━
     │
     ├ note: consider disabling this lint if you're certain the cast is safe
     │       
     │       // casting to 'int256' is safe because [explain why]
     │       // forge-lint: disable-next-line(unsafe-typecast)
     │       
     │       
     ╰ help: https://book.getfoundry.sh/reference/forge/forge-lint#unsafe-typecast

warning[unsafe-typecast]: typecasts that can truncate values should be checked
    ╭▸ test/SyndicateVault.t.sol:569:33
    │
569 │             address a = address(uint160(0xA00 + i));
    │                                 ━━━━━━━━━━━━━━━━━━
    │
    ├ note: consider disabling this lint if you're certain the cast is safe
    │       
    │       // casting to 'uint160' is safe because [explain why]
    │       // forge-lint: disable-next-line(unsafe-typecast)
    │       
    │       
    ╰ help: https://book.getfoundry.sh/reference/forge/forge-lint#unsafe-typecast

warning[unsafe-typecast]: typecasts that can truncate values should be checked
    ╭▸ test/SyndicateVault.t.sol:577:33
    │
577 │         address extra = address(uint160(0xA00 + cap));
    │                                 ━━━━━━━━━━━━━━━━━━━━
    │
    ├ note: consider disabling this lint if you're certain the cast is safe
    │       
    │       // casting to 'uint160' is safe because [explain why]
    │       // forge-lint: disable-next-line(unsafe-typecast)
    │       
    │       
    ╰ help: https://book.getfoundry.sh/reference/forge/forge-lint#unsafe-typecast

warning[unsafe-typecast]: typecasts that can truncate values should be checked
    ╭▸ test/mocks/MockMorpho.sol:317:32
    │
317 │         m.totalBorrowAssets += uint128(assets);
    │                                ━━━━━━━━━━━━━━━
    │
    ├ note: consider disabling this lint if you're certain the cast is safe
    │       
    │       // casting to 'uint128' is safe because [explain why]
    │       // forge-lint: disable-next-line(unsafe-typecast)
    │       
    │       
    ╰ help: https://book.getfoundry.sh/reference/forge/forge-lint#unsafe-typecast

warning[unsafe-typecast]: typecasts that can truncate values should be checked
    ╭▸ test/mocks/MockMorpho.sol:318:32
    │
318 │         m.totalBorrowShares += uint128(mintedShares);
    │                                ━━━━━━━━━━━━━━━━━━━━━
    │
    ├ note: consider disabling this lint if you're certain the cast is safe
    │       
    │       // casting to 'uint128' is safe because [explain why]
    │       // forge-lint: disable-next-line(unsafe-typecast)
    │       
    │       
    ╰ help: https://book.getfoundry.sh/reference/forge/forge-lint#unsafe-typecast

warning[erc20-unchecked-transfer]: ERC20 'transfer' and 'transferFrom' calls should check the return value
    ╭▸ test/mocks/MockMorpho.sol:321:9
    │
321 │         IERC20(marketParams.loanToken).transfer(receiver, assets);
    │         ━━━━━━━━━━━━━━━━━━━━━━━━━━━━━━━━━━━━━━━━━━━━━━━━━━━━━━━━━
    │
    ╰ help: https://book.getfoundry.sh/reference/forge/forge-lint#erc20-unchecked-transfer

warning[unsafe-typecast]: typecasts that can truncate values should be checked
    ╭▸ test/mocks/MockMorpho.sol:347:29
    │
347 │         pos.borrowShares -= uint128(shares);
    │                             ━━━━━━━━━━━━━━━
    │
    ├ note: consider disabling this lint if you're certain the cast is safe
    │       
    │       // casting to 'uint128' is safe because [explain why]
    │       // forge-lint: disable-next-line(unsafe-typecast)
    │       
    │       
    ╰ help: https://book.getfoundry.sh/reference/forge/forge-lint#unsafe-typecast

warning[unsafe-typecast]: typecasts that can truncate values should be checked
    ╭▸ test/mocks/MockMorpho.sol:348:32
    │
348 │         m.totalBorrowAssets -= uint128(assets);
    │                                ━━━━━━━━━━━━━━━
    │
    ├ note: consider disabling this lint if you're certain the cast is safe
    │       
    │       // casting to 'uint128' is safe because [explain why]
    │       // forge-lint: disable-next-line(unsafe-typecast)
    │       
    │       
    ╰ help: https://book.getfoundry.sh/reference/forge/forge-lint#unsafe-typecast

warning[divide-before-multiply]: multiplication should occur before division to avoid loss of precision
   ╭▸ test/mocks/MockUniswapV2Pair.sol:52:41
   │
52 │                 price0CumulativeLast += ((uint256(_reserve1) << 112) / _reserve0) * elapsed;
   │                                         ━━━━━━━━━━━━━━━━━━━━━━━━━━━━━━━━━━━━━━━━━━━━━━━━━━━
   │
   ╰ help: https://book.getfoundry.sh/reference/forge/forge-lint#divide-before-multiply

warning[divide-before-multiply]: multiplication should occur before division to avoid loss of precision
   ╭▸ test/mocks/MockUniswapV2Pair.sol:53:41
   │
53 │                 price1CumulativeLast += ((uint256(_reserve0) << 112) / _reserve1) * elapsed;
   │                                         ━━━━━━━━━━━━━━━━━━━━━━━━━━━━━━━━━━━━━━━━━━━━━━━━━━━
   │
   ╰ help: https://book.getfoundry.sh/reference/forge/forge-lint#divide-before-multiply

warning[unsafe-typecast]: typecasts that can truncate values should be checked
    ╭▸ test/SyndicateVault.t.sol:619:33
    │
619 │             address a = address(uint160(0xB00 + i));
    │                                 ━━━━━━━━━━━━━━━━━━
    │
    ├ note: consider disabling this lint if you're certain the cast is safe
    │       
    │       // casting to 'uint160' is safe because [explain why]
    │       // forge-lint: disable-next-line(unsafe-typecast)
    │       
    │       
    ╰ help: https://book.getfoundry.sh/reference/forge/forge-lint#unsafe-typecast

warning[unsafe-typecast]: typecasts that can truncate values should be checked
    ╭▸ test/SyndicateVault.t.sol:651:33
    │
651 │             address a = address(uint160(0xD00 + i));
    │                                 ━━━━━━━━━━━━━━━━━━
    │
    ├ note: consider disabling this lint if you're certain the cast is safe
    │       
    │       // casting to 'uint160' is safe because [explain why]
    │       // forge-lint: disable-next-line(unsafe-typecast)
    │       
    │       
    ╰ help: https://book.getfoundry.sh/reference/forge/forge-lint#unsafe-typecast

warning[erc20-unchecked-transfer]: ERC20 'transfer' and 'transferFrom' calls should check the return value
    ╭▸ test/SyndicateVault.t.sol:756:9
    │
756 │         usdc.transfer(address(vault), 1_000_000e6);
    │         ━━━━━━━━━━━━━━━━━━━━━━━━━━━━━━━━━━━━━━━━━━
    │
    ╰ help: https://book.getfoundry.sh/reference/forge/forge-lint#erc20-unchecked-transfer

warning[block-timestamp]: usage of `block.timestamp` in a comparison may be manipulated by validators
    ╭▸ src/ExposureLedger.sol:419:23
    │
419 │         uint256 age = block.timestamp > updatedAt ? block.timestamp - updatedAt : 0;
    │                       ━━━━━━━━━━━━━━━━━━━━━━━━━━━
    │
    ╰ help: https://book.getfoundry.sh/reference/forge/forge-lint#block-timestamp

warning[erc20-unchecked-transfer]: ERC20 'transfer' and 'transferFrom' calls should check the return value
   ╭▸ test/mocks/AssetPuller.sol:10:9
   │
10 │         IERC20(token).transferFrom(msg.sender, address(this), amount);
   │         ━━━━━━━━━━━━━━━━━━━━━━━━━━━━━━━━━━━━━━━━━━━━━━━━━━━━━━━━━━━━━
   │
   ╰ help: https://book.getfoundry.sh/reference/forge/forge-lint#erc20-unchecked-transfer

warning[unsafe-typecast]: typecasts that can truncate values should be checked
    ╭▸ test/audit-fixes/StrategyFactory_auth.t.sol:139:81
    │
139 │             address(template), address(registeredVault), attacker, _initData(), bytes32("salt")
    │                                                                                 ━━━━━━━━━━━━━━━
    │
    ├ note: consider disabling this lint if you're certain the cast is safe
    │       
    │       // casting to 'bytes32' is safe because [explain why]
    │       // forge-lint: disable-next-line(unsafe-typecast)
    │       
    │       
    ╰ help: https://book.getfoundry.sh/reference/forge/forge-lint#unsafe-typecast

warning[unsafe-typecast]: typecasts that can truncate values should be checked
    ╭▸ test/audit-fixes/StrategyFactory_auth.t.sol:174:83
    │
174 │             address(template), address(unregisteredVault), proposer, _initData(), bytes32("salt")
    │                                                                                   ━━━━━━━━━━━━━━━
    │
    ├ note: consider disabling this lint if you're certain the cast is safe
    │       
    │       // casting to 'bytes32' is safe because [explain why]
    │       // forge-lint: disable-next-line(unsafe-typecast)
    │       
    │       
    ╰ help: https://book.getfoundry.sh/reference/forge/forge-lint#unsafe-typecast

warning[unsafe-typecast]: typecasts that can truncate values should be checked
     ╭▸ test/ExposureLedger.t.sol:2636:33
     │
2636 │             address g = address(uint160(0xA11CE0000 + i));
     │                                 ━━━━━━━━━━━━━━━━━━━━━━━━
     │
     ├ note: consider disabling this lint if you're certain the cast is safe
     │       
     │       // casting to 'uint160' is safe because [explain why]
     │       // forge-lint: disable-next-line(unsafe-typecast)
     │       
     │       
     ╰ help: https://book.getfoundry.sh/reference/forge/forge-lint#unsafe-typecast

warning[unsafe-typecast]: typecasts that can truncate values should be checked
     ╭▸ test/ExposureLedger.t.sol:2654:24
     │
2654 │         marketFeed.set(int256(MARKET_X8 / 2));
     │                        ━━━━━━━━━━━━━━━━━━━━━
     │
     ├ note: consider disabling this lint if you're certain the cast is safe
     │       
     │       // casting to 'int256' is safe because [explain why]
     │       // forge-lint: disable-next-line(unsafe-typecast)
     │       
     │       
     ╰ help: https://book.getfoundry.sh/reference/forge/forge-lint#unsafe-typecast

warning[erc20-unchecked-transfer]: ERC20 'transfer' and 'transferFrom' calls should check the return value
    ╭▸ test/SyndicateVault.t.sol:794:9
    │
794 │         usdc.transfer(address(vault), 10_000e6);
    │         ━━━━━━━━━━━━━━━━━━━━━━━━━━━━━━━━━━━━━━━
    │
    ╰ help: https://book.getfoundry.sh/reference/forge/forge-lint#erc20-unchecked-transfer

warning[block-timestamp]: usage of `block.timestamp` in a comparison may be manipulated by validators
    ╭▸ src/ExposureLedger.sol:659:23
    │
659 │         uint256 age = block.timestamp > updatedAt ? block.timestamp - updatedAt : 0;
    │                       ━━━━━━━━━━━━━━━━━━━━━━━━━━━
    │
    ╰ help: https://book.getfoundry.sh/reference/forge/forge-lint#block-timestamp

warning[block-timestamp]: usage of `block.timestamp` in a comparison may be manipulated by validators
    ╭▸ src/ExposureLedger.sol:775:44
    │
775 │         if (lock == 0 || budgetUsd == 0 || _recoverableUsd(guardian, lock, priceX8, block.timestamp) < floorUsd) {
    │                                            ━━━━━━━━━━━━━━━━━━━━━━━━━━━━━━━━━━━━━━━━━━━━━━━━━━━━━━━━━━━━━━━━━━━━
    │
    ╰ help: https://book.getfoundry.sh/reference/forge/forge-lint#block-timestamp

warning[erc20-unchecked-transfer]: ERC20 'transfer' and 'transferFrom' calls should check the return value
    ╭▸ test/audit-fixes/Governor_vetoDenominatorExits.t.sol:171:9
    │
171 │         vault.transfer(lp2, half);
    │         ━━━━━━━━━━━━━━━━━━━━━━━━━
    │
    ╰ help: https://book.getfoundry.sh/reference/forge/forge-lint#erc20-unchecked-transfer

warning[incorrect-shift]: the order of args in a shift operation is incorrect
    ╭▸ test/TierRegistryBondMechanics.t.sol:301:32
    │
301 │             if (certifyMask & (1 << i) == 0) continue;
    │                                ━━━━━━
    │
    ╰ help: https://book.getfoundry.sh/reference/forge/forge-lint#incorrect-shift

warning[unsafe-typecast]: typecasts that can truncate values should be checked
     ╭▸ test/ExposureLedger.t.sol:3022:24
     │
3022 │         marketFeed.set(int256(MARKET_X8 / 4));
     │                        ━━━━━━━━━━━━━━━━━━━━━
     │
     ├ note: consider disabling this lint if you're certain the cast is safe
     │       
     │       // casting to 'int256' is safe because [explain why]
     │       // forge-lint: disable-next-line(unsafe-typecast)
     │       
     │       
     ╰ help: https://book.getfoundry.sh/reference/forge/forge-lint#unsafe-typecast

warning[incorrect-shift]: the order of args in a shift operation is incorrect
    ╭▸ test/TierRegistryBondMechanics.t.sol:303:31
    │
303 │             if (demoteMask & (1 << i) != 0) {
    │                               ━━━━━━
    │
    ╰ help: https://book.getfoundry.sh/reference/forge/forge-lint#incorrect-shift

warning[incorrect-shift]: the order of args in a shift operation is incorrect
    ╭▸ test/TierRegistryBondMechanics.t.sol:306:34
    │
306 │                 if (claimMask & (1 << i) != 0) {
    │                                  ━━━━━━
    │
    ╰ help: https://book.getfoundry.sh/reference/forge/forge-lint#incorrect-shift

warning[erc20-unchecked-transfer]: ERC20 'transfer' and 'transferFrom' calls should check the return value
    ╭▸ test/SyndicateGovernor.t.sol:413:9
    │
413 │         vault.transfer(flashVoter, 10_000e6);
    │         ━━━━━━━━━━━━━━━━━━━━━━━━━━━━━━━━━━━━
    │
    ╰ help: https://book.getfoundry.sh/reference/forge/forge-lint#erc20-unchecked-transfer

warning[block-timestamp]: usage of `block.timestamp` in a comparison may be manipulated by validators
    ╭▸ src/ExposureLedger.sol:876:13
    │
876 │         if (_pinnedUntil[key][guardian] >= block.timestamp) revert CoveragePinnedActive();
    │             ━━━━━━━━━━━━━━━━━━━━━━━━━━━━━━━━━━━━━━━━━━━━━━
    │
    ╰ help: https://book.getfoundry.sh/reference/forge/forge-lint#block-timestamp

warning[block-timestamp]: usage of `block.timestamp` in a comparison may be manipulated by validators
    ╭▸ src/ExposureLedger.sol:883:13
    │
883 │         if (block.timestamp <= epochGenesis + (uint256(r.epoch) + 1) * epochLength + challengeWindow) {
    │             ━━━━━━━━━━━━━━━━━━━━━━━━━━━━━━━━━━━━━━━━━━━━━━━━━━━━━━━━━━━━━━━━━━━━━━━━━━━━━━━━━━━━━━━━
    │
    ╰ help: https://book.getfoundry.sh/reference/forge/forge-lint#block-timestamp

warning[block-timestamp]: usage of `block.timestamp` in a comparison may be manipulated by validators
     ╭▸ src/ExposureLedger.sol:1005:53
     │
1005 │         return _frozenCommitments[guardian] != 0 || _pinnedCoverageUntil[guardian] >= block.timestamp;
     │                                                     ━━━━━━━━━━━━━━━━━━━━━━━━━━━━━━━━━━━━━━━━━━━━━━━━━
     │
     ╰ help: https://book.getfoundry.sh/reference/forge/forge-lint#block-timestamp

warning[block-timestamp]: usage of `block.timestamp` in a comparison may be manipulated by validators
     ╭▸ src/ExposureLedger.sol:1109:13
     │
1109 │         if (executeBy + strategyDuration > block.timestamp + MAX_COVERAGE_HORIZON) {
     │             ━━━━━━━━━━━━━━━━━━━━━━━━━━━━━━━━━━━━━━━━━━━━━━━━━━━━━━━━━━━━━━━━━━━━━
     │
     ╰ help: https://book.getfoundry.sh/reference/forge/forge-lint#block-timestamp

warning[block-timestamp]: usage of `block.timestamp` in a comparison may be manipulated by validators
     ╭▸ src/ExposureLedger.sol:1462:13
     │
1462 │         if (coverUntil > block.timestamp + MAX_COVERAGE_HORIZON) return (0, false);
     │             ━━━━━━━━━━━━━━━━━━━━━━━━━━━━━━━━━━━━━━━━━━━━━━━━━━━
     │
     ╰ help: https://book.getfoundry.sh/reference/forge/forge-lint#block-timestamp

warning[block-timestamp]: usage of `block.timestamp` in a comparison may be manipulated by validators
     ╭▸ src/ExposureLedger.sol:1472:13
     │
1472 │         if (coverUntil > block.timestamp + MAX_COVERAGE_HORIZON) revert CoverageHorizonExceeded();
     │             ━━━━━━━━━━━━━━━━━━━━━━━━━━━━━━━━━━━━━━━━━━━━━━━━━━━
     │
     ╰ help: https://book.getfoundry.sh/reference/forge/forge-lint#block-timestamp

warning[unsafe-typecast]: typecasts that can truncate values should be checked
    ╭▸ src/ExposureLedger.sol:509:23
    │
509 │             maxDelay: uint64(maxDelay),
    │                       ━━━━━━━━━━━━━━━━
    │
    ├ note: consider disabling this lint if you're certain the cast is safe
    │       
    │       // casting to 'uint64' is safe because [explain why]
    │       // forge-lint: disable-next-line(unsafe-typecast)
    │       
    │       
    ╰ help: https://book.getfoundry.sh/reference/forge/forge-lint#unsafe-typecast

warning[erc20-unchecked-transfer]: ERC20 'transfer' and 'transferFrom' calls should check the return value
    ╭▸ test/SyndicateGovernor.t.sol:839:9
    │
839 │         usdc.transfer(flashBorrower, supply - 1_000e6);
    │         ━━━━━━━━━━━━━━━━━━━━━━━━━━━━━━━━━━━━━━━━━━━━━━
    │
    ╰ help: https://book.getfoundry.sh/reference/forge/forge-lint#erc20-unchecked-transfer

warning[erc20-unchecked-transfer]: ERC20 'transfer' and 'transferFrom' calls should check the return value
    ╭▸ test/SyndicateGovernor.t.sol:855:9
    │
855 │         usdc.transfer(address(morpho), supply - 1_000e6);
    │         ━━━━━━━━━━━━━━━━━━━━━━━━━━━━━━━━━━━━━━━━━━━━━━━━
    │
    ╰ help: https://book.getfoundry.sh/reference/forge/forge-lint#erc20-unchecked-transfer

warning[unsafe-typecast]: typecasts that can truncate values should be checked
    ╭▸ test/mocks/MockMorpho.sol:349:32
    │
349 │         m.totalBorrowShares -= uint128(shares);
    │                                ━━━━━━━━━━━━━━━
    │
    ├ note: consider disabling this lint if you're certain the cast is safe
    │       
    │       // casting to 'uint128' is safe because [explain why]
    │       // forge-lint: disable-next-line(unsafe-typecast)
    │       
    │       
    ╰ help: https://book.getfoundry.sh/reference/forge/forge-lint#unsafe-typecast

warning[unsafe-typecast]: typecasts that can truncate values should be checked
   ╭▸ test/fees/FeeDistribution.t.sol:84:30
   │
84 │         vault.setAgentFeeBps(uint16(PERF_BPS));
   │                              ━━━━━━━━━━━━━━━━
   │
   ├ note: consider disabling this lint if you're certain the cast is safe
   │       
   │       // casting to 'uint16' is safe because [explain why]
   │       // forge-lint: disable-next-line(unsafe-typecast)
   │       
   │       
   ╰ help: https://book.getfoundry.sh/reference/forge/forge-lint#unsafe-typecast

warning[erc20-unchecked-transfer]: ERC20 'transfer' and 'transferFrom' calls should check the return value
    ╭▸ test/fees/FeeDistribution.t.sol:174:9
    │
174 │         usdc.transfer(makeAddr("sink"), amount);
    │         ━━━━━━━━━━━━━━━━━━━━━━━━━━━━━━━━━━━━━━━
    │
    ╰ help: https://book.getfoundry.sh/reference/forge/forge-lint#erc20-unchecked-transfer

warning[erc20-unchecked-transfer]: ERC20 'transfer' and 'transferFrom' calls should check the return value
    ╭▸ test/mocks/MockMorpho.sol:351:9
    │
351 │         IERC20(marketParams.loanToken).transferFrom(msg.sender, address(this), assets);
    │         ━━━━━━━━━━━━━━━━━━━━━━━━━━━━━━━━━━━━━━━━━━━━━━━━━━━━━━━━━━━━━━━━━━━━━━━━━━━━━━
    │
    ╰ help: https://book.getfoundry.sh/reference/forge/forge-lint#erc20-unchecked-transfer

warning[unsafe-typecast]: typecasts that can truncate values should be checked
    ╭▸ test/mocks/MockMorpho.sol:363:36
    │
363 │             m.totalBorrowAssets += uint128(interest);
    │                                    ━━━━━━━━━━━━━━━━━
    │
    ├ note: consider disabling this lint if you're certain the cast is safe
    │       
    │       // casting to 'uint128' is safe because [explain why]
    │       // forge-lint: disable-next-line(unsafe-typecast)
    │       
    │       
    ╰ help: https://book.getfoundry.sh/reference/forge/forge-lint#unsafe-typecast

warning[unsafe-typecast]: typecasts that can truncate values should be checked
    ╭▸ test/mocks/MockMorpho.sol:364:36
    │
364 │             m.totalSupplyAssets += uint128(interest);
    │                                    ━━━━━━━━━━━━━━━━━
    │
    ├ note: consider disabling this lint if you're certain the cast is safe
    │       
    │       // casting to 'uint128' is safe because [explain why]
    │       // forge-lint: disable-next-line(unsafe-typecast)
    │       
    │       
    ╰ help: https://book.getfoundry.sh/reference/forge/forge-lint#unsafe-typecast

warning[unsafe-typecast]: typecasts that can truncate values should be checked
    ╭▸ test/mocks/MockMorpho.sol:372:40
    │
372 │                 m.totalSupplyShares += uint128(feeShares);
    │                                        ━━━━━━━━━━━━━━━━━━
    │
    ├ note: consider disabling this lint if you're certain the cast is safe
    │       
    │       // casting to 'uint128' is safe because [explain why]
    │       // forge-lint: disable-next-line(unsafe-typecast)
    │       
    │       
    ╰ help: https://book.getfoundry.sh/reference/forge/forge-lint#unsafe-typecast

warning[erc20-unchecked-transfer]: ERC20 'transfer' and 'transferFrom' calls should check the return value
    ╭▸ test/audit-fixes/Governor_vetoDenominatorExits.t.sol:563:9
    │
563 │         vault.transfer(lp2, vault.balanceOf(attacker));
    │         ━━━━━━━━━━━━━━━━━━━━━━━━━━━━━━━━━━━━━━━━━━━━━━
    │
    ╰ help: https://book.getfoundry.sh/reference/forge/forge-lint#erc20-unchecked-transfer

warning[block-timestamp]: usage of `block.timestamp` in a comparison may be manipulated by validators
    ╭▸ src/TierRegistry.sol:438:13
    │
438 │         if (block.timestamp < p.readyAt) revert CertifyDelayNotElapsed();
    │             ━━━━━━━━━━━━━━━━━━━━━━━━━━━
    │
    ╰ help: https://book.getfoundry.sh/reference/forge/forge-lint#block-timestamp

warning[block-timestamp]: usage of `block.timestamp` in a comparison may be manipulated by validators
    ╭▸ src/TierRegistry.sol:439:13
    │
439 │         if (block.timestamp > p.readyAt + MAX_CERTIFY_WINDOW) revert CertificationExpired();
    │             ━━━━━━━━━━━━━━━━━━━━━━━━━━━━━━━━━━━━━━━━━━━━━━━━
    │
    ╰ help: https://book.getfoundry.sh/reference/forge/forge-lint#block-timestamp

warning[block-timestamp]: usage of `block.timestamp` in a comparison may be manipulated by validators
    ╭▸ src/TierRegistry.sol:614:36
    │
614 │         if (b.releasableAt == 0 || block.timestamp < b.releasableAt) revert BondNotReleasable();
    │                                    ━━━━━━━━━━━━━━━━━━━━━━━━━━━━━━━━
    │
    ╰ help: https://book.getfoundry.sh/reference/forge/forge-lint#block-timestamp

warning[unsafe-typecast]: typecasts that can truncate values should be checked
    ╭▸ test/mocks/MockPositionManager.sol:121:22
    │
121 │         pos.owed0 += uint128(amount0);
    │                      ━━━━━━━━━━━━━━━━
    │
    ├ note: consider disabling this lint if you're certain the cast is safe
    │       
    │       // casting to 'uint128' is safe because [explain why]
    │       // forge-lint: disable-next-line(unsafe-typecast)
    │       
    │       
    ╰ help: https://book.getfoundry.sh/reference/forge/forge-lint#unsafe-typecast

warning[unsafe-typecast]: typecasts that can truncate values should be checked
    ╭▸ test/mocks/MockPositionManager.sol:122:22
    │
122 │         pos.owed1 += uint128(amount1);
    │                      ━━━━━━━━━━━━━━━━
    │
    ├ note: consider disabling this lint if you're certain the cast is safe
    │       
    │       // casting to 'uint128' is safe because [explain why]
    │       // forge-lint: disable-next-line(unsafe-typecast)
    │       
    │       
    ╰ help: https://book.getfoundry.sh/reference/forge/forge-lint#unsafe-typecast

warning[unsafe-typecast]: typecasts that can truncate values should be checked
    ╭▸ test/mocks/MockPositionManager.sol:132:22
    │
132 │         pos.owed0 -= uint128(amount0);
    │                      ━━━━━━━━━━━━━━━━
    │
    ├ note: consider disabling this lint if you're certain the cast is safe
    │       
    │       // casting to 'uint128' is safe because [explain why]
    │       // forge-lint: disable-next-line(unsafe-typecast)
    │       
    │       
    ╰ help: https://book.getfoundry.sh/reference/forge/forge-lint#unsafe-typecast

warning[erc20-unchecked-transfer]: ERC20 'transfer' and 'transferFrom' calls should check the return value
   ╭▸ test/fees/HighWaterMark.t.sol:73:9
   │
73 │         usdc.transfer(sink, amount);
   │         ━━━━━━━━━━━━━━━━━━━━━━━━━━━
   │
   ╰ help: https://book.getfoundry.sh/reference/forge/forge-lint#erc20-unchecked-transfer

warning[unsafe-typecast]: typecasts that can truncate values should be checked
    ╭▸ test/mocks/MockPositionManager.sol:133:22
    │
133 │         pos.owed1 -= uint128(amount1);
    │                      ━━━━━━━━━━━━━━━━
    │
    ├ note: consider disabling this lint if you're certain the cast is safe
    │       
    │       // casting to 'uint128' is safe because [explain why]
    │       // forge-lint: disable-next-line(unsafe-typecast)
    │       
    │       
    ╰ help: https://book.getfoundry.sh/reference/forge/forge-lint#unsafe-typecast

warning[unsafe-typecast]: typecasts that can truncate values should be checked
    ╭▸ test/governor/GovernorEmergency.t.sol:372:39
    │
372 │             pid, owner, expectedHash, uint64(vm.getBlockTimestamp() + REVIEW_PERIOD)
    │                                       ━━━━━━━━━━━━━━━━━━━━━━━━━━━━━━━━━━━━━━━━━━━━━━
    │
    ├ note: consider disabling this lint if you're certain the cast is safe
    │       
    │       // casting to 'uint64' is safe because [explain why]
    │       // forge-lint: disable-next-line(unsafe-typecast)
    │       
    │       
    ╰ help: https://book.getfoundry.sh/reference/forge/forge-lint#unsafe-typecast

warning[divide-before-multiply]: multiplication should occur before division to avoid loss of precision
    ╭▸ test/TokenCourtEndToEnd.t.sol:367:17
    │
367 │         return (((COVERAGE_USD * game.challengerBondBps()) / 10_000) * 1e8) / 0.05e8;
    │                 ━━━━━━━━━━━━━━━━━━━━━━━━━━━━━━━━━━━━━━━━━━━━━━━━━━━━━━━━━━
    │
    ╰ help: https://book.getfoundry.sh/reference/forge/forge-lint#divide-before-multiply

warning[block-timestamp]: usage of `block.timestamp` in a comparison may be manipulated by validators
    ╭▸ src/TierRegistry.sol:939:13
    │
939 │         if (block.timestamp < p.readyAt) revert CertifyDelayNotElapsed();
    │             ━━━━━━━━━━━━━━━━━━━━━━━━━━━
    │
    ╰ help: https://book.getfoundry.sh/reference/forge/forge-lint#block-timestamp

warning[block-timestamp]: usage of `block.timestamp` in a comparison may be manipulated by validators
    ╭▸ src/TierRegistry.sol:940:13
    │
940 │         if (block.timestamp > p.readyAt + MAX_CERTIFY_WINDOW) revert CertificationExpired();
    │             ━━━━━━━━━━━━━━━━━━━━━━━━━━━━━━━━━━━━━━━━━━━━━━━━
    │
    ╰ help: https://book.getfoundry.sh/reference/forge/forge-lint#block-timestamp

warning[unsafe-typecast]: typecasts that can truncate values should be checked
    ╭▸ test/deploy/DeployPlanBPreflight.t.sol:217:59
    │
217 │         bookWoodUsdFeed = address(new MockAggregatorV3(8, int256(WOOD_MARKET_X8)));
    │                                                           ━━━━━━━━━━━━━━━━━━━━━━
    │
    ├ note: consider disabling this lint if you're certain the cast is safe
    │       
    │       // casting to 'int256' is safe because [explain why]
    │       // forge-lint: disable-next-line(unsafe-typecast)
    │       
    │       
    ╰ help: https://book.getfoundry.sh/reference/forge/forge-lint#unsafe-typecast

warning[unsafe-typecast]: typecasts that can truncate values should be checked
    ╭▸ test/deploy/DeployPlanBPreflight.t.sol:637:59
    │
637 │         bookWoodUsdFeed = address(new MockAggregatorV3(8, int256(WOOD_MARKET_X8)));
    │                                                           ━━━━━━━━━━━━━━━━━━━━━━
    │
    ├ note: consider disabling this lint if you're certain the cast is safe
    │       
    │       // casting to 'int256' is safe because [explain why]
    │       // forge-lint: disable-next-line(unsafe-typecast)
    │       
    │       
    ╰ help: https://book.getfoundry.sh/reference/forge/forge-lint#unsafe-typecast

warning[unsafe-typecast]: typecasts that can truncate values should be checked
    ╭▸ test/deploy/DeployPlanBPreflight.t.sol:667:59
    │
667 │         bookWoodUsdFeed = address(new MockWindowedFeed(8, int256(WOOD_MARKET_X8), 24 hours));
    │                                                           ━━━━━━━━━━━━━━━━━━━━━━
    │
    ├ note: consider disabling this lint if you're certain the cast is safe
    │       
    │       // casting to 'int256' is safe because [explain why]
    │       // forge-lint: disable-next-line(unsafe-typecast)
    │       
    │       
    ╰ help: https://book.getfoundry.sh/reference/forge/forge-lint#unsafe-typecast

warning[unsafe-typecast]: typecasts that can truncate values should be checked
   ╭▸ test/integration/RobinhoodMainnetAdversarial.t.sol:88:19
   │
88 │             sel = bytes4(ret);
   │                   ━━━━━━━━━━━
   │
   ├ note: consider disabling this lint if you're certain the cast is safe
   │       
   │       // casting to 'bytes4' is safe because [explain why]
   │       // forge-lint: disable-next-line(unsafe-typecast)
   │       
   │       
   ╰ help: https://book.getfoundry.sh/reference/forge/forge-lint#unsafe-typecast

warning[unsafe-typecast]: typecasts that can truncate values should be checked
    ╭▸ test/deploy/DeployPlanBPreflight.t.sol:675:59
    │
675 │         bookWoodUsdFeed = address(new MockWindowedFeed(8, int256(WOOD_MARKET_X8), 24 hours));
    │                                                           ━━━━━━━━━━━━━━━━━━━━━━
    │
    ├ note: consider disabling this lint if you're certain the cast is safe
    │       
    │       // casting to 'int256' is safe because [explain why]
    │       // forge-lint: disable-next-line(unsafe-typecast)
    │       
    │       
    ╰ help: https://book.getfoundry.sh/reference/forge/forge-lint#unsafe-typecast

warning[unsafe-typecast]: typecasts that can truncate values should be checked
    ╭▸ test/deploy/DeployPlanBPreflight.t.sol:685:59
    │
685 │         bookWoodUsdFeed = address(new MockAggregatorV3(8, int256(feedPriceX8)));
    │                                                           ━━━━━━━━━━━━━━━━━━━
    │
    ├ note: consider disabling this lint if you're certain the cast is safe
    │       
    │       // casting to 'int256' is safe because [explain why]
    │       // forge-lint: disable-next-line(unsafe-typecast)
    │       
    │       
    ╰ help: https://book.getfoundry.sh/reference/forge/forge-lint#unsafe-typecast

warning[erc20-unchecked-transfer]: ERC20 'transfer' and 'transferFrom' calls should check the return value
   ╭▸ test/integration/TierEndToEnd.t.sol:29:9
   │
29 │         token.transferFrom(msg.sender, address(this), amount);
   │         ━━━━━━━━━━━━━━━━━━━━━━━━━━━━━━━━━━━━━━━━━━━━━━━━━━━━━
   │
   ╰ help: https://book.getfoundry.sh/reference/forge/forge-lint#erc20-unchecked-transfer

warning[block-timestamp]: usage of `block.timestamp` in a comparison may be manipulated by validators
     ╭▸ src/TierRegistry.sol:1058:50
     │
1058 │         if (!orphaned && (b.releasableAt == 0 || block.timestamp < b.releasableAt)) revert BondNotReleasable();
     │                                                  ━━━━━━━━━━━━━━━━━━━━━━━━━━━━━━━━
     │
     ╰ help: https://book.getfoundry.sh/reference/forge/forge-lint#block-timestamp

warning[divide-before-multiply]: multiplication should occur before division to avoid loss of precision
    ╭▸ test/ChallengeGame.t.sol:607:17
    │
607 │         return (((coverageUsd * game.challengerBondBps()) / 10_000) * 1e8) / priceX8;
    │                 ━━━━━━━━━━━━━━━━━━━━━━━━━━━━━━━━━━━━━━━━━━━━━━━━━━━━━━━━━
    │
    ╰ help: https://book.getfoundry.sh/reference/forge/forge-lint#divide-before-multiply

warning[erc20-unchecked-transfer]: ERC20 'transfer' and 'transferFrom' calls should check the return value
    ╭▸ test/integration/RobinhoodMainnetAdversarial.t.sol:397:9
    │
397 │         IERC20(USDG).transfer(address(vault), loss);
    │         ━━━━━━━━━━━━━━━━━━━━━━━━━━━━━━━━━━━━━━━━━━━
    │
    ╰ help: https://book.getfoundry.sh/reference/forge/forge-lint#erc20-unchecked-transfer

warning[erc20-unchecked-transfer]: ERC20 'transfer' and 'transferFrom' calls should check the return value
    ╭▸ test/integration/RobinhoodMainnetAdversarial.t.sol:495:9
    │
495 │         IERC20(USDG).transfer(address(vault), deployed);
    │         ━━━━━━━━━━━━━━━━━━━━━━━━━━━━━━━━━━━━━━━━━━━━━━━
    │
    ╰ help: https://book.getfoundry.sh/reference/forge/forge-lint#erc20-unchecked-transfer

warning[erc20-unchecked-transfer]: ERC20 'transfer' and 'transferFrom' calls should check the return value
    ╭▸ test/integration/RobinhoodMainnetAdversarial.t.sol:563:9
    │
563 │         IERC20(USDG).transfer(freshAddr, donation);
    │         ━━━━━━━━━━━━━━━━━━━━━━━━━━━━━━━━━━━━━━━━━━
    │
    ╰ help: https://book.getfoundry.sh/reference/forge/forge-lint#erc20-unchecked-transfer

warning[divide-before-multiply]: multiplication should occur before division to avoid loss of precision
    ╭▸ test/ChallengeGame.t.sol:678:13
    │
678 │             ((10_000e18 * game.challengerBondBps()) / 10_000) * 1e8 / 0.05e8,
    │             ━━━━━━━━━━━━━━━━━━━━━━━━━━━━━━━━━━━━━━━━━━━━━━━━━━━━━━━
    │
    ╰ help: https://book.getfoundry.sh/reference/forge/forge-lint#divide-before-multiply

warning[unsafe-typecast]: typecasts that can truncate values should be checked
   ╭▸ test/deploy/DeployPlanDPreflight.t.sol:99:61
   │
99 │         MockAggregatorV3 woodFeed = new MockAggregatorV3(8, int256(WOOD_MARKET_X8));
   │                                                             ━━━━━━━━━━━━━━━━━━━━━━
   │
   ├ note: consider disabling this lint if you're certain the cast is safe
   │       
   │       // casting to 'int256' is safe because [explain why]
   │       // forge-lint: disable-next-line(unsafe-typecast)
   │       
   │       
   ╰ help: https://book.getfoundry.sh/reference/forge/forge-lint#unsafe-typecast

warning[erc20-unchecked-transfer]: ERC20 'transfer' and 'transferFrom' calls should check the return value
    ╭▸ test/integration/RobinhoodMainnetAdversarial.t.sol:735:9
    │
735 │         IERC20(USDG).transfer(address(vault), deployed);
    │         ━━━━━━━━━━━━━━━━━━━━━━━━━━━━━━━━━━━━━━━━━━━━━━━
    │
    ╰ help: https://book.getfoundry.sh/reference/forge/forge-lint#erc20-unchecked-transfer

warning[unsafe-typecast]: typecasts that can truncate values should be checked
    ╭▸ src/TierRegistry.sol:385:26
    │
385 │         uint64 readyAt = uint64(block.timestamp + certifyDelay);
    │                          ━━━━━━━━━━━━━━━━━━━━━━━━━━━━━━━━━━━━━━
    │
    ├ note: consider disabling this lint if you're certain the cast is safe
    │       
    │       // casting to 'uint64' is safe because [explain why]
    │       // forge-lint: disable-next-line(unsafe-typecast)
    │       
    │       
    ╰ help: https://book.getfoundry.sh/reference/forge/forge-lint#unsafe-typecast

warning[unsafe-typecast]: typecasts that can truncate values should be checked
    ╭▸ src/TierRegistry.sol:598:35
    │
598 │             uint64 releasableAt = uint64(block.timestamp + bondReleaseDelay);
    │                                   ━━━━━━━━━━━━━━━━━━━━━━━━━━━━━━━━━━━━━━━━━━
    │
    ├ note: consider disabling this lint if you're certain the cast is safe
    │       
    │       // casting to 'uint64' is safe because [explain why]
    │       // forge-lint: disable-next-line(unsafe-typecast)
    │       
    │       
    ╰ help: https://book.getfoundry.sh/reference/forge/forge-lint#unsafe-typecast

warning[unsafe-typecast]: typecasts that can truncate values should be checked
    ╭▸ src/TierRegistry.sol:855:24
    │
855 │         return address(uint160(word));
    │                        ━━━━━━━━━━━━━
    │
    ├ note: consider disabling this lint if you're certain the cast is safe
    │       
    │       // casting to 'uint160' is safe because [explain why]
    │       // forge-lint: disable-next-line(unsafe-typecast)
    │       
    │       
    ╰ help: https://book.getfoundry.sh/reference/forge/forge-lint#unsafe-typecast

warning[unsafe-typecast]: typecasts that can truncate values should be checked
    ╭▸ src/TierRegistry.sol:909:26
    │
909 │         uint64 readyAt = uint64(block.timestamp + certifyDelay);
    │                          ━━━━━━━━━━━━━━━━━━━━━━━━━━━━━━━━━━━━━━
    │
    ├ note: consider disabling this lint if you're certain the cast is safe
    │       
    │       // casting to 'uint64' is safe because [explain why]
    │       // forge-lint: disable-next-line(unsafe-typecast)
    │       
    │       
    ╰ help: https://book.getfoundry.sh/reference/forge/forge-lint#unsafe-typecast

warning[unsafe-typecast]: typecasts that can truncate values should be checked
     ╭▸ src/TierRegistry.sol:1042:35
     │
1042 │             uint64 releasableAt = uint64(block.timestamp + bondReleaseDelay);
     │                                   ━━━━━━━━━━━━━━━━━━━━━━━━━━━━━━━━━━━━━━━━━━
     │
     ├ note: consider disabling this lint if you're certain the cast is safe
     │       
     │       // casting to 'uint64' is safe because [explain why]
     │       // forge-lint: disable-next-line(unsafe-typecast)
     │       
     │       
     ╰ help: https://book.getfoundry.sh/reference/forge/forge-lint#unsafe-typecast

warning[unsafe-typecast]: typecasts that can truncate values should be checked
    ╭▸ test/ChallengeGame.t.sol:979:42
    │
979 │             assertEq(uint8(c.predicate), uint8(i));
    │                                          ━━━━━━━━
    │
    ├ note: consider disabling this lint if you're certain the cast is safe
    │       
    │       // casting to 'uint8' is safe because [explain why]
    │       // forge-lint: disable-next-line(unsafe-typecast)
    │       
    │       
    ╰ help: https://book.getfoundry.sh/reference/forge/forge-lint#unsafe-typecast

warning[unsafe-typecast]: typecasts that can truncate values should be checked
    ╭▸ src/strategies/MorphoSupplyStrategy.sol:164:24
    │
164 │         return address(uint160(word));
    │                        ━━━━━━━━━━━━━
    │
    ├ note: consider disabling this lint if you're certain the cast is safe
    │       
    │       // casting to 'uint160' is safe because [explain why]
    │       // forge-lint: disable-next-line(unsafe-typecast)
    │       
    │       
    ╰ help: https://book.getfoundry.sh/reference/forge/forge-lint#unsafe-typecast

warning[unsafe-typecast]: typecasts that can truncate values should be checked
     ╭▸ test/ChallengeGame.t.sol:1438:18
     │
1438 │         assertEq(bytes4(ret), IChallengeGame.InsufficientSlashGas.selector, "refused at the floor, not an OOG");
     │                  ━━━━━━━━━━━
     │
     ├ note: consider disabling this lint if you're certain the cast is safe
     │       
     │       // casting to 'bytes4' is safe because [explain why]
     │       // forge-lint: disable-next-line(unsafe-typecast)
     │       
     │       
     ╰ help: https://book.getfoundry.sh/reference/forge/forge-lint#unsafe-typecast

warning[unsafe-typecast]: typecasts that can truncate values should be checked
     ╭▸ test/ChallengeGame.t.sol:1469:18
     │
1469 │         assertEq(bytes4(ret), IChallengeGame.InsufficientSlashGas.selector, "refused at the extended floor, not an OOG");
     │                  ━━━━━━━━━━━
     │
     ├ note: consider disabling this lint if you're certain the cast is safe
     │       
     │       // casting to 'bytes4' is safe because [explain why]
     │       // forge-lint: disable-next-line(unsafe-typecast)
     │       
     │       
     ╰ help: https://book.getfoundry.sh/reference/forge/forge-lint#unsafe-typecast

warning[unsafe-typecast]: typecasts that can truncate values should be checked
   ╭▸ test/fizz/utils/DecimalPrinter.sol:34:55
   │
34 │             return string(abi.encodePacked("-", toDec(uint256(-_value), decimals)));
   │                                                       ━━━━━━━━━━━━━━━━
   │
   ├ note: consider disabling this lint if you're certain the cast is safe
   │       
   │       // casting to 'uint256' is safe because [explain why]
   │       // forge-lint: disable-next-line(unsafe-typecast)
   │       
   │       
   ╰ help: https://book.getfoundry.sh/reference/forge/forge-lint#unsafe-typecast

warning[unsafe-typecast]: typecasts that can truncate values should be checked
   ╭▸ test/fizz/utils/DecimalPrinter.sol:36:26
   │
36 │             return toDec(uint256(_value), decimals);
   │                          ━━━━━━━━━━━━━━━
   │
   ├ note: consider disabling this lint if you're certain the cast is safe
   │       
   │       // casting to 'uint256' is safe because [explain why]
   │       // forge-lint: disable-next-line(unsafe-typecast)
   │       
   │       
   ╰ help: https://book.getfoundry.sh/reference/forge/forge-lint#unsafe-typecast

warning[unsafe-typecast]: typecasts that can truncate values should be checked
   ╭▸ test/fizz/utils/DecimalPrinter.sol:57:37
   │
57 │             buffer[digits] = bytes1(uint8(48 + _value % 10));
   │                                     ━━━━━━━━━━━━━━━━━━━━━━━
   │
   ├ note: consider disabling this lint if you're certain the cast is safe
   │       
   │       // casting to 'uint8' is safe because [explain why]
   │       // forge-lint: disable-next-line(unsafe-typecast)
   │       
   │       
   ╰ help: https://book.getfoundry.sh/reference/forge/forge-lint#unsafe-typecast

warning[unsafe-typecast]: typecasts that can truncate values should be checked
    ╭▸ test/deploy/DeployWoodPoolFeed.t.sol:132:43
    │
132 │         uniPair.setReserves(WOOD_RESERVE, uint112(MIN_WETH_RESERVE - 1));
    │                                           ━━━━━━━━━━━━━━━━━━━━━━━━━━━━━
    │
    ├ note: consider disabling this lint if you're certain the cast is safe
    │       
    │       // casting to 'uint112' is safe because [explain why]
    │       // forge-lint: disable-next-line(unsafe-typecast)
    │       
    │       
    ╰ help: https://book.getfoundry.sh/reference/forge/forge-lint#unsafe-typecast

warning[unsafe-typecast]: typecasts that can truncate values should be checked
     ╭▸ test/PortfolioStrategy.t.sol:1111:18
     │
1111 │         feed.set(int256(priceInWeth), block.timestamp);
     │                  ━━━━━━━━━━━━━━━━━━━
     │
     ├ note: consider disabling this lint if you're certain the cast is safe
     │       
     │       // casting to 'int256' is safe because [explain why]
     │       // forge-lint: disable-next-line(unsafe-typecast)
     │       
     │       
     ╰ help: https://book.getfoundry.sh/reference/forge/forge-lint#unsafe-typecast

warning[erc20-unchecked-transfer]: ERC20 'transfer' and 'transferFrom' calls should check the return value
    ╭▸ test/audit-fixes/Vault_she206ResidualDustBypass.t.sol:211:13
    │
211 │             vault.transfer(DEAD, 1);
    │             ━━━━━━━━━━━━━━━━━━━━━━━
    │
    ╰ help: https://book.getfoundry.sh/reference/forge/forge-lint#erc20-unchecked-transfer

warning[unsafe-typecast]: typecasts that can truncate values should be checked
    ╭▸ test/deploy/DeployWoodPoolFeed.t.sol:389:16
    │
389 │         return uint256(answer);
    │                ━━━━━━━━━━━━━━━
    │
    ├ note: consider disabling this lint if you're certain the cast is safe
    │       
    │       // casting to 'uint256' is safe because [explain why]
    │       // forge-lint: disable-next-line(unsafe-typecast)
    │       
    │       
    ╰ help: https://book.getfoundry.sh/reference/forge/forge-lint#unsafe-typecast

warning[divide-before-multiply]: multiplication should occur before division to avoid loss of precision
    ╭▸ test/integration/strategies/ConcentratedLiquidityMainnetFork.t.sol:154:23
    │
154 │         int24 lower = ((spot - 5000) / spacing) * spacing;
    │                       ━━━━━━━━━━━━━━━━━━━━━━━━━━━━━━━━━━━
    │
    ╰ help: https://book.getfoundry.sh/reference/forge/forge-lint#divide-before-multiply

warning[divide-before-multiply]: multiplication should occur before division to avoid loss of precision
    ╭▸ test/integration/strategies/ConcentratedLiquidityMainnetFork.t.sol:155:23
    │
155 │         int24 upper = ((spot + 5000) / spacing) * spacing;
    │                       ━━━━━━━━━━━━━━━━━━━━━━━━━━━━━━━━━━━
    │
    ╰ help: https://book.getfoundry.sh/reference/forge/forge-lint#divide-before-multiply

warning[unsafe-typecast]: typecasts that can truncate values should be checked
     ╭▸ test/PortfolioStrategy.t.sol:1132:78
     │
1132 │             total += (IERC20(allocs[i].token).balanceOf(address(strategy)) * uint256(answer)) / 1e18;
     │                                                                              ━━━━━━━━━━━━━━━
     │
     ├ note: consider disabling this lint if you're certain the cast is safe
     │       
     │       // casting to 'uint256' is safe because [explain why]
     │       // forge-lint: disable-next-line(unsafe-typecast)
     │       
     │       
     ╰ help: https://book.getfoundry.sh/reference/forge/forge-lint#unsafe-typecast

warning[unsafe-typecast]: typecasts that can truncate values should be checked
     ╭▸ test/PortfolioStrategy.t.sol:1143:85
     │
1143 │             uint256 value = (IERC20(allocs[i].token).balanceOf(address(strategy)) * uint256(answer)) / 1e18;
     │                                                                                     ━━━━━━━━━━━━━━━
     │
     ├ note: consider disabling this lint if you're certain the cast is safe
     │       
     │       // casting to 'uint256' is safe because [explain why]
     │       // forge-lint: disable-next-line(unsafe-typecast)
     │       
     │       
     ╰ help: https://book.getfoundry.sh/reference/forge/forge-lint#unsafe-typecast

warning[block-timestamp]: usage of `block.timestamp` in a comparison may be manipulated by validators
    ╭▸ src/strategies/ConcentratedLiquidityStrategy.sol:585:16
    │
585 │         return d > block.timestamp ? d : block.timestamp;
    │                ━━━━━━━━━━━━━━━━━━━
    │
    ╰ help: https://book.getfoundry.sh/reference/forge/forge-lint#block-timestamp

warning[unsafe-typecast]: typecasts that can truncate values should be checked
    ╭▸ test/integration/strategies/ConcentratedLiquidityMainnetFork.t.sol:256:22
    │
256 │         int24 twap = int24((cumulatives[1] - cumulatives[0]) / int56(uint56(TWAP_WINDOW)));
    │                      ━━━━━━━━━━━━━━━━━━━━━━━━━━━━━━━━━━━━━━━━━━━━━━━━━━━━━━━━━━━━━━━━━━━━━
    │
    ├ note: consider disabling this lint if you're certain the cast is safe
    │       
    │       // casting to 'int24' is safe because [explain why]
    │       // forge-lint: disable-next-line(unsafe-typecast)
    │       
    │       
    ╰ help: https://book.getfoundry.sh/reference/forge/forge-lint#unsafe-typecast

warning[unsafe-typecast]: typecasts that can truncate values should be checked
    ╭▸ test/strategies/ConcentratedLiquidityStrategyRerange.t.sol:455:45
    │
455 │         posm.accrueFees(strategy.tokenId(), uint128(amount), 0);
    │                                             ━━━━━━━━━━━━━━━
    │
    ├ note: consider disabling this lint if you're certain the cast is safe
    │       
    │       // casting to 'uint128' is safe because [explain why]
    │       // forge-lint: disable-next-line(unsafe-typecast)
    │       
    │       
    ╰ help: https://book.getfoundry.sh/reference/forge/forge-lint#unsafe-typecast

warning[unsafe-typecast]: typecasts that can truncate values should be checked
    ╭▸ test/fizz/FoundryTester.sol:448:13
    │
448 │             bytes4(ret),
    │             ━━━━━━━━━━━
    │
    ├ note: consider disabling this lint if you're certain the cast is safe
    │       
    │       // casting to 'bytes4' is safe because [explain why]
    │       // forge-lint: disable-next-line(unsafe-typecast)
    │       
    │       
    ╰ help: https://book.getfoundry.sh/reference/forge/forge-lint#unsafe-typecast

warning[erc20-unchecked-transfer]: ERC20 'transfer' and 'transferFrom' calls should check the return value
    ╭▸ test/audit-fixes/Vault_she206ResidualDustBypass.t.sol:236:9
    │
236 │         usdc.transfer(address(vault), RESIDUE);
    │         ━━━━━━━━━━━━━━━━━━━━━━━━━━━━━━━━━━━━━━
    │
    ╰ help: https://book.getfoundry.sh/reference/forge/forge-lint#erc20-unchecked-transfer

warning[erc20-unchecked-transfer]: ERC20 'transfer' and 'transferFrom' calls should check the return value
    ╭▸ test/audit-fixes/Vault_she206ResidualDustBypass.t.sol:268:9
    │
268 │         usdc.transfer(address(vault), RESIDUE);
    │         ━━━━━━━━━━━━━━━━━━━━━━━━━━━━━━━━━━━━━━
    │
    ╰ help: https://book.getfoundry.sh/reference/forge/forge-lint#erc20-unchecked-transfer

warning[unsafe-typecast]: typecasts that can truncate values should be checked
   ╭▸ test/GuardianRegistryOutcome.t.sol:43:24
   │
43 │         return address(uint160(0xAA00 + i + 1));
   │                        ━━━━━━━━━━━━━━━━━━━━━━━
   │
   ├ note: consider disabling this lint if you're certain the cast is safe
   │       
   │       // casting to 'uint160' is safe because [explain why]
   │       // forge-lint: disable-next-line(unsafe-typecast)
   │       
   │       
   ╰ help: https://book.getfoundry.sh/reference/forge/forge-lint#unsafe-typecast

warning[erc20-unchecked-transfer]: ERC20 'transfer' and 'transferFrom' calls should check the return value
    ╭▸ test/audit-fixes/Vault_she206ResidualDustBypass.t.sol:284:9
    │
284 │         usdc.transfer(address(vault), RESIDUE);
    │         ━━━━━━━━━━━━━━━━━━━━━━━━━━━━━━━━━━━━━━
    │
    ╰ help: https://book.getfoundry.sh/reference/forge/forge-lint#erc20-unchecked-transfer

warning[erc20-unchecked-transfer]: ERC20 'transfer' and 'transferFrom' calls should check the return value
    ╭▸ test/audit-fixes/Vault_she206ResidualDustBypass.t.sol:289:9
    │
289 │         usdc.transfer(sink, 1e6);
    │         ━━━━━━━━━━━━━━━━━━━━━━━━
    │
    ╰ help: https://book.getfoundry.sh/reference/forge/forge-lint#erc20-unchecked-transfer

warning[erc20-unchecked-transfer]: ERC20 'transfer' and 'transferFrom' calls should check the return value
    ╭▸ test/audit-fixes/Vault_she206ResidualDustBypass.t.sol:303:9
    │
303 │         usdc.transfer(address(vault), RESIDUE);
    │         ━━━━━━━━━━━━━━━━━━━━━━━━━━━━━━━━━━━━━━
    │
    ╰ help: https://book.getfoundry.sh/reference/forge/forge-lint#erc20-unchecked-transfer

warning[unsafe-typecast]: typecasts that can truncate values should be checked
    ╭▸ test/audit-2/ExposureLedger_pledgeAndPins.t.sol:190:44
    │
190 │         woodFeed = new MockAggregatorV3(8, int256(MARKET_X8));
    │                                            ━━━━━━━━━━━━━━━━━
    │
    ├ note: consider disabling this lint if you're certain the cast is safe
    │       
    │       // casting to 'int256' is safe because [explain why]
    │       // forge-lint: disable-next-line(unsafe-typecast)
    │       
    │       
    ╰ help: https://book.getfoundry.sh/reference/forge/forge-lint#unsafe-typecast

warning[unsafe-typecast]: typecasts that can truncate values should be checked
    ╭▸ test/integration/strategies/ConcentratedLiquidityVaultE2EFork.t.sol:400:35
    │
400 │         uint256 n = dTicks >= 0 ? uint256(uint24(dTicks)) : uint256(uint24(-dTicks));
    │                                   ━━━━━━━━━━━━━━━━━━━━━━━
    │
    ├ note: consider disabling this lint if you're certain the cast is safe
    │       
    │       // casting to 'uint256' is safe because [explain why]
    │       // forge-lint: disable-next-line(unsafe-typecast)
    │       
    │       
    ╰ help: https://book.getfoundry.sh/reference/forge/forge-lint#unsafe-typecast

warning[unsafe-typecast]: typecasts that can truncate values should be checked
    ╭▸ test/integration/strategies/ConcentratedLiquidityVaultE2EFork.t.sol:400:43
    │
400 │         uint256 n = dTicks >= 0 ? uint256(uint24(dTicks)) : uint256(uint24(-dTicks));
    │                                           ━━━━━━━━━━━━━━
    │
    ├ note: consider disabling this lint if you're certain the cast is safe
    │       
    │       // casting to 'uint24' is safe because [explain why]
    │       // forge-lint: disable-next-line(unsafe-typecast)
    │       
    │       
    ╰ help: https://book.getfoundry.sh/reference/forge/forge-lint#unsafe-typecast

warning[unsafe-typecast]: typecasts that can truncate values should be checked
    ╭▸ test/integration/strategies/ConcentratedLiquidityVaultE2EFork.t.sol:400:61
    │
400 │         uint256 n = dTicks >= 0 ? uint256(uint24(dTicks)) : uint256(uint24(-dTicks));
    │                                                             ━━━━━━━━━━━━━━━━━━━━━━━━
    │
    ├ note: consider disabling this lint if you're certain the cast is safe
    │       
    │       // casting to 'uint256' is safe because [explain why]
    │       // forge-lint: disable-next-line(unsafe-typecast)
    │       
    │       
    ╰ help: https://book.getfoundry.sh/reference/forge/forge-lint#unsafe-typecast

warning[unsafe-typecast]: typecasts that can truncate values should be checked
    ╭▸ test/integration/strategies/ConcentratedLiquidityVaultE2EFork.t.sol:400:69
    │
400 │         uint256 n = dTicks >= 0 ? uint256(uint24(dTicks)) : uint256(uint24(-dTicks));
    │                                                                     ━━━━━━━━━━━━━━━
    │
    ├ note: consider disabling this lint if you're certain the cast is safe
    │       
    │       // casting to 'uint24' is safe because [explain why]
    │       // forge-lint: disable-next-line(unsafe-typecast)
    │       
    │       
    ╰ help: https://book.getfoundry.sh/reference/forge/forge-lint#unsafe-typecast

warning[unsafe-typecast]: typecasts that can truncate values should be checked
    ╭▸ test/integration/strategies/ConcentratedLiquidityVaultE2EFork.t.sol:404:16
    │
404 │         return uint160(sp);
    │                ━━━━━━━━━━━
    │
    ├ note: consider disabling this lint if you're certain the cast is safe
    │       
    │       // casting to 'uint160' is safe because [explain why]
    │       // forge-lint: disable-next-line(unsafe-typecast)
    │       
    │       
    ╰ help: https://book.getfoundry.sh/reference/forge/forge-lint#unsafe-typecast

warning[unsafe-typecast]: typecasts that can truncate values should be checked
    ╭▸ test/integration/strategies/ConcentratedLiquidityVaultE2EFork.t.sol:464:21
    │
464 │         int24 avg = int24(delta / int56(uint56(TWAP_WINDOW)));
    │                     ━━━━━━━━━━━━━━━━━━━━━━━━━━━━━━━━━━━━━━━━━
    │
    ├ note: consider disabling this lint if you're certain the cast is safe
    │       
    │       // casting to 'int24' is safe because [explain why]
    │       // forge-lint: disable-next-line(unsafe-typecast)
    │       
    │       
    ╰ help: https://book.getfoundry.sh/reference/forge/forge-lint#unsafe-typecast

warning[erc20-unchecked-transfer]: ERC20 'transfer' and 'transferFrom' calls should check the return value
    ╭▸ test/strategies/MorphoSupplyStrategy.t.sol:245:9
    │
245 │         usdg.transfer(borrower, idle - 10_000e6);
    │         ━━━━━━━━━━━━━━━━━━━━━━━━━━━━━━━━━━━━━━━━
    │
    ╰ help: https://book.getfoundry.sh/reference/forge/forge-lint#erc20-unchecked-transfer

warning[unsafe-typecast]: typecasts that can truncate values should be checked
    ╭▸ test/audit-181b/ExposureLedger_priceAndScope.t.sol:203:44
    │
203 │         woodFeed = new MockAggregatorV3(8, int256(MARKET_X8));
    │                                            ━━━━━━━━━━━━━━━━━
    │
    ├ note: consider disabling this lint if you're certain the cast is safe
    │       
    │       // casting to 'int256' is safe because [explain why]
    │       // forge-lint: disable-next-line(unsafe-typecast)
    │       
    │       
    ╰ help: https://book.getfoundry.sh/reference/forge/forge-lint#unsafe-typecast

warning[unsafe-typecast]: typecasts that can truncate values should be checked
   ╭▸ test/fizz/handlers/TierRegistryHandler.sol:66:17
   │
66 │                 uint8(arg2 % 3),
   │                 ━━━━━━━━━━━━━━━
   │
   ├ note: consider disabling this lint if you're certain the cast is safe
   │       
   │       // casting to 'uint8' is safe because [explain why]
   │       // forge-lint: disable-next-line(unsafe-typecast)
   │       
   │       
   ╰ help: https://book.getfoundry.sh/reference/forge/forge-lint#unsafe-typecast

warning[unsafe-typecast]: typecasts that can truncate values should be checked
   ╭▸ test/fizz/handlers/TierRegistryHandler.sol:68:33
   │
68 │                 toActor(address(uint160(arg2))),
   │                                 ━━━━━━━━━━━━━
   │
   ├ note: consider disabling this lint if you're certain the cast is safe
   │       
   │       // casting to 'uint160' is safe because [explain why]
   │       // forge-lint: disable-next-line(unsafe-typecast)
   │       
   │       
   ╰ help: https://book.getfoundry.sh/reference/forge/forge-lint#unsafe-typecast

warning[erc20-unchecked-transfer]: ERC20 'transfer' and 'transferFrom' calls should check the return value
    ╭▸ test/strategies/MorphoSupplyStrategy.t.sol:256:9
    │
256 │         usdg.transfer(address(mockMorpho), idle - 10_000e6);
    │         ━━━━━━━━━━━━━━━━━━━━━━━━━━━━━━━━━━━━━━━━━━━━━━━━━━━
    │
    ╰ help: https://book.getfoundry.sh/reference/forge/forge-lint#erc20-unchecked-transfer

warning[erc20-unchecked-transfer]: ERC20 'transfer' and 'transferFrom' calls should check the return value
    ╭▸ test/audit-fixes/Vault_she206ResidualDustBypass.t.sol:343:9
    │
343 │         usdc.transfer(address(vault), donation);
    │         ━━━━━━━━━━━━━━━━━━━━━━━━━━━━━━━━━━━━━━━
    │
    ╰ help: https://book.getfoundry.sh/reference/forge/forge-lint#erc20-unchecked-transfer

warning[divide-before-multiply]: multiplication should occur before division to avoid loss of precision
    ╭▸ test/audit-181b/ChallengeGame_settlementEconomics.t.sol:284:17
    │
284 │         return (((COVERAGE_USD * game.challengerBondBps()) / 10_000) * 1e8) / PRICE_X8;
    │                 ━━━━━━━━━━━━━━━━━━━━━━━━━━━━━━━━━━━━━━━━━━━━━━━━━━━━━━━━━━
    │
    ╰ help: https://book.getfoundry.sh/reference/forge/forge-lint#divide-before-multiply

warning[unsafe-typecast]: typecasts that can truncate values should be checked
    ╭▸ test/audit-2/ChallengeGame_windowAndCourt.t.sol:375:13
    │
375 │             int256(expectedReward) - int256(expectedCost),
    │             ━━━━━━━━━━━━━━━━━━━━━━
    │
    ├ note: consider disabling this lint if you're certain the cast is safe
    │       
    │       // casting to 'int256' is safe because [explain why]
    │       // forge-lint: disable-next-line(unsafe-typecast)
    │       
    │       
    ╰ help: https://book.getfoundry.sh/reference/forge/forge-lint#unsafe-typecast

warning[unsafe-typecast]: typecasts that can truncate values should be checked
   ╭▸ test/strategies/ConcentratedLiquidityStrategySettle.t.sol:19:45
   │
19 │         posm.accrueFees(strategy.tokenId(), uint128(fee0), uint128(fee1));
   │                                             ━━━━━━━━━━━━━
   │
   ├ note: consider disabling this lint if you're certain the cast is safe
   │       
   │       // casting to 'uint128' is safe because [explain why]
   │       // forge-lint: disable-next-line(unsafe-typecast)
   │       
   │       
   ╰ help: https://book.getfoundry.sh/reference/forge/forge-lint#unsafe-typecast

warning[unsafe-typecast]: typecasts that can truncate values should be checked
   ╭▸ test/strategies/ConcentratedLiquidityStrategySettle.t.sol:19:60
   │
19 │         posm.accrueFees(strategy.tokenId(), uint128(fee0), uint128(fee1));
   │                                                            ━━━━━━━━━━━━━
   │
   ├ note: consider disabling this lint if you're certain the cast is safe
   │       
   │       // casting to 'uint128' is safe because [explain why]
   │       // forge-lint: disable-next-line(unsafe-typecast)
   │       
   │       
   ╰ help: https://book.getfoundry.sh/reference/forge/forge-lint#unsafe-typecast

warning[block-timestamp]: usage of `block.timestamp` in a comparison may be manipulated by validators
    ╭▸ src/strategies/ConcentratedLiquidityStrategy.sol:962:13
    │
962 │         if (block.timestamp < lastRerangeAt + _rerange.minInterval) revert RerangeTooSoon();
    │             ━━━━━━━━━━━━━━━━━━━━━━━━━━━━━━━━━━━━━━━━━━━━━━━━━━━━━━
    │
    ╰ help: https://book.getfoundry.sh/reference/forge/forge-lint#block-timestamp

warning[unsafe-typecast]: typecasts that can truncate values should be checked
    ╭▸ test/integration/strategies/ConcentratedLiquidityVaultE2EFork.t.sol:473:16
    │
473 │         return uint256(uint24(diff));
    │                ━━━━━━━━━━━━━━━━━━━━━
    │
    ├ note: consider disabling this lint if you're certain the cast is safe
    │       
    │       // casting to 'uint256' is safe because [explain why]
    │       // forge-lint: disable-next-line(unsafe-typecast)
    │       
    │       
    ╰ help: https://book.getfoundry.sh/reference/forge/forge-lint#unsafe-typecast

warning[unsafe-typecast]: typecasts that can truncate values should be checked
    ╭▸ test/integration/strategies/ConcentratedLiquidityVaultE2EFork.t.sol:473:24
    │
473 │         return uint256(uint24(diff));
    │                        ━━━━━━━━━━━━
    │
    ├ note: consider disabling this lint if you're certain the cast is safe
    │       
    │       // casting to 'uint24' is safe because [explain why]
    │       // forge-lint: disable-next-line(unsafe-typecast)
    │       
    │       
    ╰ help: https://book.getfoundry.sh/reference/forge/forge-lint#unsafe-typecast

warning[erc20-unchecked-transfer]: ERC20 'transfer' and 'transferFrom' calls should check the return value
    ╭▸ test/audit-fixes/Vault_she206HwmPricingSupply.t.sol:225:9
    │
225 │         usdc.transfer(address(vault), RESIDUE);
    │         ━━━━━━━━━━━━━━━━━━━━━━━━━━━━━━━━━━━━━━
    │
    ╰ help: https://book.getfoundry.sh/reference/forge/forge-lint#erc20-unchecked-transfer

warning[erc20-unchecked-transfer]: ERC20 'transfer' and 'transferFrom' calls should check the return value
    ╭▸ test/audit-fixes/Vault_she206HwmPricingSupply.t.sol:260:9
    │
260 │         usdc.transfer(address(vault), RESIDUE);
    │         ━━━━━━━━━━━━━━━━━━━━━━━━━━━━━━━━━━━━━━
    │
    ╰ help: https://book.getfoundry.sh/reference/forge/forge-lint#erc20-unchecked-transfer

warning[unsafe-typecast]: typecasts that can truncate values should be checked
    ╭▸ test/audit-2/ChallengeGame_windowAndCourt.t.sol:375:38
    │
375 │             int256(expectedReward) - int256(expectedCost),
    │                                      ━━━━━━━━━━━━━━━━━━━━
    │
    ├ note: consider disabling this lint if you're certain the cast is safe
    │       
    │       // casting to 'int256' is safe because [explain why]
    │       // forge-lint: disable-next-line(unsafe-typecast)
    │       
    │       
    ╰ help: https://book.getfoundry.sh/reference/forge/forge-lint#unsafe-typecast

warning[unsafe-typecast]: typecasts that can truncate values should be checked
    ╭▸ src/strategies/ConcentratedLiquidityStrategy.sol:652:24
    │
652 │         return address(uint160(word));
    │                        ━━━━━━━━━━━━━
    │
    ├ note: consider disabling this lint if you're certain the cast is safe
    │       
    │       // casting to 'uint160' is safe because [explain why]
    │       // forge-lint: disable-next-line(unsafe-typecast)
    │       
    │       
    ╰ help: https://book.getfoundry.sh/reference/forge/forge-lint#unsafe-typecast

warning[erc20-unchecked-transfer]: ERC20 'transfer' and 'transferFrom' calls should check the return value
    ╭▸ test/audit-fixes/Vault_she206HwmPricingSupply.t.sol:297:9
    │
297 │         usdc.transfer(address(vault), EPOCH2 / 10);
    │         ━━━━━━━━━━━━━━━━━━━━━━━━━━━━━━━━━━━━━━━━━━
    │
    ╰ help: https://book.getfoundry.sh/reference/forge/forge-lint#erc20-unchecked-transfer

warning[unsafe-typecast]: typecasts that can truncate values should be checked
    ╭▸ test/fizz/handlers/ExposureLedgerHandler.sol:119:26
    │
119 │             bytes4 sel = bytes4(err);
    │                          ━━━━━━━━━━━
    │
    ├ note: consider disabling this lint if you're certain the cast is safe
    │       
    │       // casting to 'bytes4' is safe because [explain why]
    │       // forge-lint: disable-next-line(unsafe-typecast)
    │       
    │       
    ╰ help: https://book.getfoundry.sh/reference/forge/forge-lint#unsafe-typecast

warning[unsafe-typecast]: typecasts that can truncate values should be checked
   ╭▸ test/pricing/WoodPoolFeed.t.sol:92:16
   │
92 │         return uint256(a);
   │                ━━━━━━━━━━
   │
   ├ note: consider disabling this lint if you're certain the cast is safe
   │       
   │       // casting to 'uint256' is safe because [explain why]
   │       // forge-lint: disable-next-line(unsafe-typecast)
   │       
   │       
   ╰ help: https://book.getfoundry.sh/reference/forge/forge-lint#unsafe-typecast

warning[unsafe-typecast]: typecasts that can truncate values should be checked
    ╭▸ test/integration/strategies/PortfolioMainnetFork.t.sol:208:47
    │
208 │         console2.log("Live TSLA/USD answer:", uint256(tslaAnswer));
    │                                               ━━━━━━━━━━━━━━━━━━━
    │
    ├ note: consider disabling this lint if you're certain the cast is safe
    │       
    │       // casting to 'uint256' is safe because [explain why]
    │       // forge-lint: disable-next-line(unsafe-typecast)
    │       
    │       
    ╰ help: https://book.getfoundry.sh/reference/forge/forge-lint#unsafe-typecast

warning[erc20-unchecked-transfer]: ERC20 'transfer' and 'transferFrom' calls should check the return value
    ╭▸ test/audit-fixes/Vault_she206HwmPricingSupply.t.sol:367:9
    │
367 │         usdc.transfer(address(vault), RESIDUE);
    │         ━━━━━━━━━━━━━━━━━━━━━━━━━━━━━━━━━━━━━━
    │
    ╰ help: https://book.getfoundry.sh/reference/forge/forge-lint#erc20-unchecked-transfer

warning[divide-before-multiply]: multiplication should occur before division to avoid loss of precision
    ╭▸ test/strategies/ConcentratedLiquidityStrategy.t.sol:947:55
    │
947 │         adapter.setRate(address(usdg), address(nvda), (1e18 * 1e12 / 100) * 99 / 100);
    │                                                       ━━━━━━━━━━━━━━━━━━━━━━━━
    │
    ╰ help: https://book.getfoundry.sh/reference/forge/forge-lint#divide-before-multiply

warning[unsafe-typecast]: typecasts that can truncate values should be checked
    ╭▸ src/strategies/ConcentratedLiquidityStrategy.sol:689:53
    │
689 │         if (uint256(int256(r.halfWidthTicks)) * 2 < uint256(int256(upper - lower))) {
    │                                                     ━━━━━━━━━━━━━━━━━━━━━━━━━━━━━━
    │
    ├ note: consider disabling this lint if you're certain the cast is safe
    │       
    │       // casting to 'uint256' is safe because [explain why]
    │       // forge-lint: disable-next-line(unsafe-typecast)
    │       
    │       
    ╰ help: https://book.getfoundry.sh/reference/forge/forge-lint#unsafe-typecast

warning[block-timestamp]: usage of `block.timestamp` in a comparison may be manipulated by validators
    ╭▸ test/fizz/handlers/ChallengeGameHandler.sol:347:17
    │
347 │             if (block.timestamp > deadline) continue;
    │                 ━━━━━━━━━━━━━━━━━━━━━━━━━━
    │
    ╰ help: https://book.getfoundry.sh/reference/forge/forge-lint#block-timestamp

warning[unsafe-typecast]: typecasts that can truncate values should be checked
    ╭▸ test/integration/strategies/PortfolioMainnetFork.t.sol:347:46
    │
347 │         console2.log("Live ETH/USD answer:", uint256(answer));
    │                                              ━━━━━━━━━━━━━━━
    │
    ├ note: consider disabling this lint if you're certain the cast is safe
    │       
    │       // casting to 'uint256' is safe because [explain why]
    │       // forge-lint: disable-next-line(unsafe-typecast)
    │       
    │       
    ╰ help: https://book.getfoundry.sh/reference/forge/forge-lint#unsafe-typecast

warning[unsafe-typecast]: typecasts that can truncate values should be checked
    ╭▸ test/audit-2/ChallengeGame_windowAndCourt.t.sol:414:13
    │
414 │             int256(reward) - int256(game.challengerBondBps() * game.settleBurnBps()),
    │             ━━━━━━━━━━━━━━
    │
    ├ note: consider disabling this lint if you're certain the cast is safe
    │       
    │       // casting to 'int256' is safe because [explain why]
    │       // forge-lint: disable-next-line(unsafe-typecast)
    │       
    │       
    ╰ help: https://book.getfoundry.sh/reference/forge/forge-lint#unsafe-typecast

warning[unsafe-typecast]: typecasts that can truncate values should be checked
    ╭▸ test/audit-2/ChallengeGame_windowAndCourt.t.sol:421:34
    │
421 │         int256 payoffAtOldRate = int256(reward) - int256(game.challengerBondBps() * 1_000);
    │                                  ━━━━━━━━━━━━━━
    │
    ├ note: consider disabling this lint if you're certain the cast is safe
    │       
    │       // casting to 'int256' is safe because [explain why]
    │       // forge-lint: disable-next-line(unsafe-typecast)
    │       
    │       
    ╰ help: https://book.getfoundry.sh/reference/forge/forge-lint#unsafe-typecast

warning[unsafe-typecast]: typecasts that can truncate values should be checked
    ╭▸ test/pricing/WoodPoolFeed.t.sol:259:22
    │
259 │         int56 span = int56(uint56(WINDOW));
    │                      ━━━━━━━━━━━━━━━━━━━━━
    │
    ├ note: consider disabling this lint if you're certain the cast is safe
    │       
    │       // casting to 'int56' is safe because [explain why]
    │       // forge-lint: disable-next-line(unsafe-typecast)
    │       
    │       
    ╰ help: https://book.getfoundry.sh/reference/forge/forge-lint#unsafe-typecast

warning[unsafe-typecast]: typecasts that can truncate values should be checked
    ╭▸ test/pricing/WoodPoolFeed.t.sol:259:28
    │
259 │         int56 span = int56(uint56(WINDOW));
    │                            ━━━━━━━━━━━━━━
    │
    ├ note: consider disabling this lint if you're certain the cast is safe
    │       
    │       // casting to 'uint56' is safe because [explain why]
    │       // forge-lint: disable-next-line(unsafe-typecast)
    │       
    │       
    ╰ help: https://book.getfoundry.sh/reference/forge/forge-lint#unsafe-typecast

warning[erc20-unchecked-transfer]: ERC20 'transfer' and 'transferFrom' calls should check the return value
    ╭▸ test/fizz/handlers/SyndicateVaultHandler.sol:102:9
    │
102 │         asset.transfer(address(vault), amount);
    │         ━━━━━━━━━━━━━━━━━━━━━━━━━━━━━━━━━━━━━━
    │
    ╰ help: https://book.getfoundry.sh/reference/forge/forge-lint#erc20-unchecked-transfer

warning[unsafe-typecast]: typecasts that can truncate values should be checked
    ╭▸ test/audit-2/ChallengeGame_windowAndCourt.t.sol:444:31
    │
444 │         assertEq(payoffAfter, int256(expectedReward), "at zero cost the net payoff is exactly the reward side");
    │                               ━━━━━━━━━━━━━━━━━━━━━━
    │
    ├ note: consider disabling this lint if you're certain the cast is safe
    │       
    │       // casting to 'int256' is safe because [explain why]
    │       // forge-lint: disable-next-line(unsafe-typecast)
    │       
    │       
    ╰ help: https://book.getfoundry.sh/reference/forge/forge-lint#unsafe-typecast

warning[unsafe-typecast]: typecasts that can truncate values should be checked
    ╭▸ test/pricing/WoodPoolFeed.t.sol:282:22
    │
282 │         int56 span = int56(uint56(WINDOW));
    │                      ━━━━━━━━━━━━━━━━━━━━━
    │
    ├ note: consider disabling this lint if you're certain the cast is safe
    │       
    │       // casting to 'int56' is safe because [explain why]
    │       // forge-lint: disable-next-line(unsafe-typecast)
    │       
    │       
    ╰ help: https://book.getfoundry.sh/reference/forge/forge-lint#unsafe-typecast

warning[unsafe-typecast]: typecasts that can truncate values should be checked
    ╭▸ test/pricing/WoodPoolFeed.t.sol:282:28
    │
282 │         int56 span = int56(uint56(WINDOW));
    │                            ━━━━━━━━━━━━━━
    │
    ├ note: consider disabling this lint if you're certain the cast is safe
    │       
    │       // casting to 'uint56' is safe because [explain why]
    │       // forge-lint: disable-next-line(unsafe-typecast)
    │       
    │       
    ╰ help: https://book.getfoundry.sh/reference/forge/forge-lint#unsafe-typecast

warning[unsafe-typecast]: typecasts that can truncate values should be checked
    ╭▸ test/pricing/WoodPoolFeed.t.sol:302:22
    │
302 │         int56 span = int56(uint56(WINDOW));
    │                      ━━━━━━━━━━━━━━━━━━━━━
    │
    ├ note: consider disabling this lint if you're certain the cast is safe
    │       
    │       // casting to 'int56' is safe because [explain why]
    │       // forge-lint: disable-next-line(unsafe-typecast)
    │       
    │       
    ╰ help: https://book.getfoundry.sh/reference/forge/forge-lint#unsafe-typecast

warning[unsafe-typecast]: typecasts that can truncate values should be checked
    ╭▸ test/pricing/WoodPoolFeed.t.sol:302:28
    │
302 │         int56 span = int56(uint56(WINDOW));
    │                            ━━━━━━━━━━━━━━
    │
    ├ note: consider disabling this lint if you're certain the cast is safe
    │       
    │       // casting to 'uint56' is safe because [explain why]
    │       // forge-lint: disable-next-line(unsafe-typecast)
    │       
    │       
    ╰ help: https://book.getfoundry.sh/reference/forge/forge-lint#unsafe-typecast

warning[unsafe-typecast]: typecasts that can truncate values should be checked
    ╭▸ test/pricing/WoodPoolFeed.t.sol:319:18
    │
319 │         assertEq(uint256(justAbove), uint256(atTick), "a positive remainder truncates, it is not pushed a tick down");
    │                  ━━━━━━━━━━━━━━━━━━
    │
    ├ note: consider disabling this lint if you're certain the cast is safe
    │       
    │       // casting to 'uint256' is safe because [explain why]
    │       // forge-lint: disable-next-line(unsafe-typecast)
    │       
    │       
    ╰ help: https://book.getfoundry.sh/reference/forge/forge-lint#unsafe-typecast

warning[unsafe-typecast]: typecasts that can truncate values should be checked
    ╭▸ test/pricing/WoodPoolFeed.t.sol:319:38
    │
319 │         assertEq(uint256(justAbove), uint256(atTick), "a positive remainder truncates, it is not pushed a tick down");
    │                                      ━━━━━━━━━━━━━━━
    │
    ├ note: consider disabling this lint if you're certain the cast is safe
    │       
    │       // casting to 'uint256' is safe because [explain why]
    │       // forge-lint: disable-next-line(unsafe-typecast)
    │       
    │       
    ╰ help: https://book.getfoundry.sh/reference/forge/forge-lint#unsafe-typecast

warning[erc20-unchecked-transfer]: ERC20 'transfer' and 'transferFrom' calls should check the return value
    ╭▸ test/audit-2/Vault_depositLifecycleAndHwm.t.sol:231:9
    │
231 │         usdc.transfer(address(vault), 1e6);
    │         ━━━━━━━━━━━━━━━━━━━━━━━━━━━━━━━━━━
    │
    ╰ help: https://book.getfoundry.sh/reference/forge/forge-lint#erc20-unchecked-transfer

warning[unsafe-typecast]: typecasts that can truncate values should be checked
    ╭▸ src/strategies/ConcentratedLiquidityStrategy.sol:909:70
    │
909 │         newLower = lo <= int256(minAligned) ? minAligned : _snapDown(int24(lo), spacing);
    │                                                                      ━━━━━━━━━
    │
    ├ note: consider disabling this lint if you're certain the cast is safe
    │       
    │       // casting to 'int24' is safe because [explain why]
    │       // forge-lint: disable-next-line(unsafe-typecast)
    │       
    │       
    ╰ help: https://book.getfoundry.sh/reference/forge/forge-lint#unsafe-typecast

warning[unsafe-typecast]: typecasts that can truncate values should be checked
    ╭▸ src/strategies/ConcentratedLiquidityStrategy.sol:910:68
    │
910 │         newUpper = hi >= int256(maxAligned) ? maxAligned : _snapUp(int24(hi), spacing);
    │                                                                    ━━━━━━━━━
    │
    ├ note: consider disabling this lint if you're certain the cast is safe
    │       
    │       // casting to 'int24' is safe because [explain why]
    │       // forge-lint: disable-next-line(unsafe-typecast)
    │       
    │       
    ╰ help: https://book.getfoundry.sh/reference/forge/forge-lint#unsafe-typecast

warning[erc20-unchecked-transfer]: ERC20 'transfer' and 'transferFrom' calls should check the return value
    ╭▸ test/audit-fixes/Vault_she206HwmPricingSupply.t.sol:454:9
    │
454 │         usdc.transfer(address(vault), RESIDUE);
    │         ━━━━━━━━━━━━━━━━━━━━━━━━━━━━━━━━━━━━━━
    │
    ╰ help: https://book.getfoundry.sh/reference/forge/forge-lint#erc20-unchecked-transfer

warning[erc20-unchecked-transfer]: ERC20 'transfer' and 'transferFrom' calls should check the return value
    ╭▸ test/fizz/handlers/SyndicateVaultHandler.sol:147:9
    │
147 │         vault.transfer(to, value);
    │         ━━━━━━━━━━━━━━━━━━━━━━━━━
    │
    ╰ help: https://book.getfoundry.sh/reference/forge/forge-lint#erc20-unchecked-transfer

warning[erc20-unchecked-transfer]: ERC20 'transfer' and 'transferFrom' calls should check the return value
    ╭▸ test/fizz/handlers/SyndicateVaultHandler.sol:151:9
    │
151 │         vault.transferFrom(from, to, value);
    │         ━━━━━━━━━━━━━━━━━━━━━━━━━━━━━━━━━━━
    │
    ╰ help: https://book.getfoundry.sh/reference/forge/forge-lint#erc20-unchecked-transfer

warning[unsafe-typecast]: typecasts that can truncate values should be checked
    ╭▸ test/pricing/WoodPoolFeed.t.sol:337:27
    │
337 │         assertApproxEqRel(uint256(answer), woodIsToken0, 1e14, "the mirrored pool prices WOOD identically");
    │                           ━━━━━━━━━━━━━━━
    │
    ├ note: consider disabling this lint if you're certain the cast is safe
    │       
    │       // casting to 'uint256' is safe because [explain why]
    │       // forge-lint: disable-next-line(unsafe-typecast)
    │       
    │       
    ╰ help: https://book.getfoundry.sh/reference/forge/forge-lint#unsafe-typecast

warning[unsafe-typecast]: typecasts that can truncate values should be checked
    ╭▸ test/pricing/WoodPoolFeed.t.sol:338:27
    │
338 │         assertApproxEqRel(uint256(answer), HALF_ANSWER_X8, 1e15, "and both are the pool's real price");
    │                           ━━━━━━━━━━━━━━━
    │
    ├ note: consider disabling this lint if you're certain the cast is safe
    │       
    │       // casting to 'uint256' is safe because [explain why]
    │       // forge-lint: disable-next-line(unsafe-typecast)
    │       
    │       
    ╰ help: https://book.getfoundry.sh/reference/forge/forge-lint#unsafe-typecast

warning[unsafe-typecast]: typecasts that can truncate values should be checked
    ╭▸ test/pricing/WoodPoolFeed.t.sol:347:39
    │
347 │         uni.setReserves(WOOD_RESERVE, uint112(MIN_WETH - 1));
    │                                       ━━━━━━━━━━━━━━━━━━━━━
    │
    ├ note: consider disabling this lint if you're certain the cast is safe
    │       
    │       // casting to 'uint112' is safe because [explain why]
    │       // forge-lint: disable-next-line(unsafe-typecast)
    │       
    │       
    ╰ help: https://book.getfoundry.sh/reference/forge/forge-lint#unsafe-typecast

warning[unsafe-typecast]: typecasts that can truncate values should be checked
    ╭▸ test/pricing/WoodPoolFeed.t.sol:362:39
    │
362 │         uni.setReserves(WOOD_RESERVE, uint112(MIN_WETH - 1));
    │                                       ━━━━━━━━━━━━━━━━━━━━━
    │
    ├ note: consider disabling this lint if you're certain the cast is safe
    │       
    │       // casting to 'uint112' is safe because [explain why]
    │       // forge-lint: disable-next-line(unsafe-typecast)
    │       
    │       
    ╰ help: https://book.getfoundry.sh/reference/forge/forge-lint#unsafe-typecast

warning[erc20-unchecked-transfer]: ERC20 'transfer' and 'transferFrom' calls should check the return value
   ╭▸ test/pashov-audit/MorphoSupplyStrategy_singletonBinding.t.sol:41:9
   │
41 │         IERC20(mp.loanToken).transferFrom(msg.sender, address(this), assets);
   │         ━━━━━━━━━━━━━━━━━━━━━━━━━━━━━━━━━━━━━━━━━━━━━━━━━━━━━━━━━━━━━━━━━━━━
   │
   ╰ help: https://book.getfoundry.sh/reference/forge/forge-lint#erc20-unchecked-transfer

warning[unsafe-typecast]: typecasts that can truncate values should be checked
   ╭▸ test/ExposureLedgerContainment.t.sol:81:35
   │
81 │         marketFeed = new MockFeed(int256(MARKET_X8), 8);
   │                                   ━━━━━━━━━━━━━━━━━
   │
   ├ note: consider disabling this lint if you're certain the cast is safe
   │       
   │       // casting to 'int256' is safe because [explain why]
   │       // forge-lint: disable-next-line(unsafe-typecast)
   │       
   │       
   ╰ help: https://book.getfoundry.sh/reference/forge/forge-lint#unsafe-typecast

warning[block-timestamp]: usage of `block.timestamp` in a comparison may be manipulated by validators
    ╭▸ test/fizz/handlers/SyndicateGovernorHandler.sol:274:13
    │
274 │         if (block.timestamp < settleAt) skipTime(settleAt - block.timestamp);
    │             ━━━━━━━━━━━━━━━━━━━━━━━━━━
    │
    ╰ help: https://book.getfoundry.sh/reference/forge/forge-lint#block-timestamp

warning[erc20-unchecked-transfer]: ERC20 'transfer' and 'transferFrom' calls should check the return value
    ╭▸ test/BatchExecutorLib.t.sol:332:9
    │
332 │         token.transfer(msg.sender, amount);
    │         ━━━━━━━━━━━━━━━━━━━━━━━━━━━━━━━━━━
    │
    ╰ help: https://book.getfoundry.sh/reference/forge/forge-lint#erc20-unchecked-transfer

warning[erc20-unchecked-transfer]: ERC20 'transfer' and 'transferFrom' calls should check the return value
   ╭▸ test/vault/OutflowMetering.t.sol:26:9
   │
26 │         usdc.transfer(vaultAddr, amt);
   │         ━━━━━━━━━━━━━━━━━━━━━━━━━━━━━
   │
   ╰ help: https://book.getfoundry.sh/reference/forge/forge-lint#erc20-unchecked-transfer

warning[erc20-unchecked-transfer]: ERC20 'transfer' and 'transferFrom' calls should check the return value
   ╭▸ test/vault/OutflowMetering.t.sol:30:9
   │
30 │         usdc.transferFrom(msg.sender, address(this), amt);
   │         ━━━━━━━━━━━━━━━━━━━━━━━━━━━━━━━━━━━━━━━━━━━━━━━━━
   │
   ╰ help: https://book.getfoundry.sh/reference/forge/forge-lint#erc20-unchecked-transfer

warning[unsafe-typecast]: typecasts that can truncate values should be checked
    ╭▸ test/pricing/WoodPoolFeed.t.sol:565:39
    │
565 │         uni.setReserves(WOOD_RESERVE, uint112(MIN_WETH - 1));
    │                                       ━━━━━━━━━━━━━━━━━━━━━
    │
    ├ note: consider disabling this lint if you're certain the cast is safe
    │       
    │       // casting to 'uint112' is safe because [explain why]
    │       // forge-lint: disable-next-line(unsafe-typecast)
    │       
    │       
    ╰ help: https://book.getfoundry.sh/reference/forge/forge-lint#unsafe-typecast

warning[erc20-unchecked-transfer]: ERC20 'transfer' and 'transferFrom' calls should check the return value
   ╭▸ test/SyndicateVault.InstantLiquidity.t.sol:25:9
   │
25 │         usdc.transferFrom(msg.sender, address(this), amt);
   │         ━━━━━━━━━━━━━━━━━━━━━━━━━━━━━━━━━━━━━━━━━━━━━━━━━
   │
   ╰ help: https://book.getfoundry.sh/reference/forge/forge-lint#erc20-unchecked-transfer

warning[block-timestamp]: usage of `block.timestamp` in a comparison may be manipulated by validators
    ╭▸ test/integration/WoodPoolFeedV3LegFork.t.sol:323:23
    │
323 │         uint256 age = block.timestamp > updatedAt ? block.timestamp - updatedAt : 0;
    │                       ━━━━━━━━━━━━━━━━━━━━━━━━━━━
    │
    ╰ help: https://book.getfoundry.sh/reference/forge/forge-lint#block-timestamp

warning[block-timestamp]: usage of `block.timestamp` in a comparison may be manipulated by validators
    ╭▸ src/strategies/PortfolioStrategy.sol:376:23
    │
376 │         uint256 age = block.timestamp > updatedAt ? block.timestamp - updatedAt : 0;
    │                       ━━━━━━━━━━━━━━━━━━━━━━━━━━━
    │
    ╰ help: https://book.getfoundry.sh/reference/forge/forge-lint#block-timestamp

warning[block-timestamp]: usage of `block.timestamp` in a comparison may be manipulated by validators
    ╭▸ test/fizz/Properties.sol:513:17
    │
513 │             if (swood.getPastVotes(actors[i], block.timestamp) > swood.getPastStake(actors[i], block.timestamp)) {
    │                 ━━━━━━━━━━━━━━━━━━━━━━━━━━━━━━━━━━━━━━━━━━━━━━━━━━━━━━━━━━━━━━━━━━━━━━━━━━━━━━━━━━━━━━━━━━━━━━━
    │
    ╰ help: https://book.getfoundry.sh/reference/forge/forge-lint#block-timestamp

warning[unsafe-typecast]: typecasts that can truncate values should be checked
    ╭▸ src/strategies/PortfolioStrategy.sol:378:16
    │
378 │         return uint256(answer);
    │                ━━━━━━━━━━━━━━━
    │
    ├ note: consider disabling this lint if you're certain the cast is safe
    │       
    │       // casting to 'uint256' is safe because [explain why]
    │       // forge-lint: disable-next-line(unsafe-typecast)
    │       
    │       
    ╰ help: https://book.getfoundry.sh/reference/forge/forge-lint#unsafe-typecast

warning[erc20-unchecked-transfer]: ERC20 'transfer' and 'transferFrom' calls should check the return value
   ╭▸ test/SyndicateVault.InstantLiquidity.t.sol:29:9
   │
29 │         usdc.transfer(vaultAddr, amt);
   │         ━━━━━━━━━━━━━━━━━━━━━━━━━━━━━
   │
   ╰ help: https://book.getfoundry.sh/reference/forge/forge-lint#erc20-unchecked-transfer

warning[block-timestamp]: usage of `block.timestamp` in a comparison may be manipulated by validators
    ╭▸ test/fizz/Properties.sol:801:13
    │
801 │         if (block.timestamp - ledger.epochGenesis() > ledger.challengeWindow()) return true;
    │             ━━━━━━━━━━━━━━━━━━━━━━━━━━━━━━━━━━━━━━━━━━━━━━━━━━━━━━━━━━━━━━━━━━
    │
    ╰ help: https://book.getfoundry.sh/reference/forge/forge-lint#block-timestamp

warning[unsafe-typecast]: typecasts that can truncate values should be checked
    ╭▸ src/strategies/PortfolioStrategy.sol:449:24
    │
449 │         return address(uint160(word));
    │                        ━━━━━━━━━━━━━
    │
    ├ note: consider disabling this lint if you're certain the cast is safe
    │       
    │       // casting to 'uint160' is safe because [explain why]
    │       // forge-lint: disable-next-line(unsafe-typecast)
    │       
    │       
    ╰ help: https://book.getfoundry.sh/reference/forge/forge-lint#unsafe-typecast

warning[unsafe-typecast]: typecasts that can truncate values should be checked
    ╭▸ test/audit-181/ExposureLedger_anchorAndRetire.t.sol:176:44
    │
176 │         woodFeed = new MockAggregatorV3(8, int256(MARKET_X8));
    │                                            ━━━━━━━━━━━━━━━━━
    │
    ├ note: consider disabling this lint if you're certain the cast is safe
    │       
    │       // casting to 'int256' is safe because [explain why]
    │       // forge-lint: disable-next-line(unsafe-typecast)
    │       
    │       
    ╰ help: https://book.getfoundry.sh/reference/forge/forge-lint#unsafe-typecast

warning[unsafe-typecast]: typecasts that can truncate values should be checked
    ╭▸ test/integration/WoodPoolFeedV3LegFork.t.sol:240:13
    │
240 │             uint256(answer),
    │             ━━━━━━━━━━━━━━━
    │
    ├ note: consider disabling this lint if you're certain the cast is safe
    │       
    │       // casting to 'uint256' is safe because [explain why]
    │       // forge-lint: disable-next-line(unsafe-typecast)
    │       
    │       
    ╰ help: https://book.getfoundry.sh/reference/forge/forge-lint#unsafe-typecast

warning[divide-before-multiply]: multiplication should occur before division to avoid loss of precision
    ╭▸ test/audit-181/ChallengeGame_courtAndOracle.t.sol:246:17
    │
246 │         return (((COVERAGE_USD * game.challengerBondBps()) / 10_000) * 1e8) / priceX8;
    │                 ━━━━━━━━━━━━━━━━━━━━━━━━━━━━━━━━━━━━━━━━━━━━━━━━━━━━━━━━━━
    │
    ╰ help: https://book.getfoundry.sh/reference/forge/forge-lint#divide-before-multiply

warning[erc20-unchecked-transfer]: ERC20 'transfer' and 'transferFrom' calls should check the return value
   ╭▸ test/vault/StructuralBatchRules.t.sol:54:9
   │
54 │         IERC20(token).transferFrom(msg.sender, address(this), amount);
   │         ━━━━━━━━━━━━━━━━━━━━━━━━━━━━━━━━━━━━━━━━━━━━━━━━━━━━━━━━━━━━━
   │
   ╰ help: https://book.getfoundry.sh/reference/forge/forge-lint#erc20-unchecked-transfer

warning[block-timestamp]: usage of `block.timestamp` in a comparison may be manipulated by validators
    ╭▸ script/DeployWoodPoolFeed.s.sol:290:24
    │
290 │         uint256 idle = block.timestamp > last ? block.timestamp - uint256(last) : 0;
    │                        ━━━━━━━━━━━━━━━━━━━━━━
    │
    ╰ help: https://book.getfoundry.sh/reference/forge/forge-lint#block-timestamp

warning[block-timestamp]: usage of `block.timestamp` in a comparison may be manipulated by validators
    ╭▸ script/DeployWoodPoolFeed.s.sol:389:23
    │
389 │         uint256 age = block.timestamp > updatedAt ? block.timestamp - updatedAt : 0;
    │                       ━━━━━━━━━━━━━━━━━━━━━━━━━━━
    │
    ╰ help: https://book.getfoundry.sh/reference/forge/forge-lint#block-timestamp

warning[block-timestamp]: usage of `block.timestamp` in a comparison may be manipulated by validators
    ╭▸ test/fizz/utils/MockERC20.sol:172:17
    │
172 │         require(deadline >= block.timestamp, "PERMIT_DEADLINE_EXPIRED");
    │                 ━━━━━━━━━━━━━━━━━━━━━━━━━━━
    │
    ╰ help: https://book.getfoundry.sh/reference/forge/forge-lint#block-timestamp

warning[erc20-unchecked-transfer]: ERC20 'transfer' and 'transferFrom' calls should check the return value
   ╭▸ test/vault/StructuralBatchRules.t.sol:58:9
   │
58 │         IERC20(token).transfer(msg.sender, amount);
   │         ━━━━━━━━━━━━━━━━━━━━━━━━━━━━━━━━━━━━━━━━━━
   │
   ╰ help: https://book.getfoundry.sh/reference/forge/forge-lint#erc20-unchecked-transfer

warning[erc20-unchecked-transfer]: ERC20 'transfer' and 'transferFrom' calls should check the return value
    ╭▸ test/audit-181/PortfolioStrategy_oracleBinding.t.sol:136:9
    │
136 │         IERC20(tokenIn).transferFrom(msg.sender, address(this), amountIn);
    │         ━━━━━━━━━━━━━━━━━━━━━━━━━━━━━━━━━━━━━━━━━━━━━━━━━━━━━━━━━━━━━━━━━
    │
    ╰ help: https://book.getfoundry.sh/reference/forge/forge-lint#erc20-unchecked-transfer

warning: unknown id: 'unchecked-cast'
    ╭▸ src/StakedWood.sol:603:13
    │
603 │             // forge-lint: disable-next-line(unchecked-cast)
    ╰╴            ━━━━━━━━━━━━━━━━━━━━━━━━━━━━━━━━━━━━━━━━━━━━━━━━

warning[unsafe-typecast]: typecasts that can truncate values should be checked
   ╭▸ test/fizz/utils/StringUtils.sol:10:41
   │
10 │         uint256 absValue = value >= 0 ? uint256(value) : uint256(-value);
   │                                         ━━━━━━━━━━━━━━
   │
   ├ note: consider disabling this lint if you're certain the cast is safe
   │       
   │       // casting to 'uint256' is safe because [explain why]
   │       // forge-lint: disable-next-line(unsafe-typecast)
   │       
   │       
   ╰ help: https://book.getfoundry.sh/reference/forge/forge-lint#unsafe-typecast

warning[unsafe-typecast]: typecasts that can truncate values should be checked
   ╭▸ test/fizz/utils/StringUtils.sol:10:58
   │
10 │         uint256 absValue = value >= 0 ? uint256(value) : uint256(-value);
   │                                                          ━━━━━━━━━━━━━━━
   │
   ├ note: consider disabling this lint if you're certain the cast is safe
   │       
   │       // casting to 'uint256' is safe because [explain why]
   │       // forge-lint: disable-next-line(unsafe-typecast)
   │       
   │       
   ╰ help: https://book.getfoundry.sh/reference/forge/forge-lint#unsafe-typecast

warning[erc20-unchecked-transfer]: ERC20 'transfer' and 'transferFrom' calls should check the return value
    ╭▸ test/vault/StructuralBatchRules.t.sol:657:9
    │
657 │         usdc.transferFrom(address(vault), attacker, 1);
    │         ━━━━━━━━━━━━━━━━━━━━━━━━━━━━━━━━━━━━━━━━━━━━━━
    │
    ╰ help: https://book.getfoundry.sh/reference/forge/forge-lint#erc20-unchecked-transfer

warning[unsafe-typecast]: typecasts that can truncate values should be checked
    ╭▸ test/integration/WoodPoolFeedV3LegFork.t.sol:249:18
    │
249 │         assertLe(uint256(answer), Math.mulDiv(v2X112, ethUsdX8, Q112), "above the V2 leg");
    │                  ━━━━━━━━━━━━━━━
    │
    ├ note: consider disabling this lint if you're certain the cast is safe
    │       
    │       // casting to 'uint256' is safe because [explain why]
    │       // forge-lint: disable-next-line(unsafe-typecast)
    │       
    │       
    ╰ help: https://book.getfoundry.sh/reference/forge/forge-lint#unsafe-typecast

warning[erc20-unchecked-transfer]: ERC20 'transfer' and 'transferFrom' calls should check the return value
    ╭▸ test/audit-181/Governor_capCollabAndFees.t.sol:210:9
    │
210 │         usdc.transfer(address(0xdead), 5_000e6);
    │         ━━━━━━━━━━━━━━━━━━━━━━━━━━━━━━━━━━━━━━━
    │
    ╰ help: https://book.getfoundry.sh/reference/forge/forge-lint#erc20-unchecked-transfer

warning[unsafe-typecast]: typecasts that can truncate values should be checked
   ╭▸ test/fizz/utils/StringUtils.sol:70:31
   │
70 │             bytes1 b = bytes1(uint8(uint256(uint160(value)) / (2 ** (8 * (19 - i)))));
   │                               ━━━━━━━━━━━━━━━━━━━━━━━━━━━━━━━━━━━━━━━━━━━━━━━━━━━━━━
   │
   ├ note: consider disabling this lint if you're certain the cast is safe
   │       
   │       // casting to 'uint8' is safe because [explain why]
   │       // forge-lint: disable-next-line(unsafe-typecast)
   │       
   │       
   ╰ help: https://book.getfoundry.sh/reference/forge/forge-lint#unsafe-typecast

warning[unsafe-typecast]: typecasts that can truncate values should be checked
   ╭▸ script/CheckSyndicateParams.s.sol:98:24
   │
98 │         minBufferBps = uint16(buffer);
   │                        ━━━━━━━━━━━━━━
   │
   ├ note: consider disabling this lint if you're certain the cast is safe
   │       
   │       // casting to 'uint16' is safe because [explain why]
   │       // forge-lint: disable-next-line(unsafe-typecast)
   │       
   │       
   ╰ help: https://book.getfoundry.sh/reference/forge/forge-lint#unsafe-typecast

warning[unsafe-typecast]: typecasts that can truncate values should be checked
    ╭▸ test/integration/WoodPoolFeedV3LegFork.t.sol:309:69
    │
309 │         IUniswapV3PoolSwap(V3_POOL).swap(address(this), zeroForOne, int256(SWAP_WETH_IN), limit, "");
    │                                                                     ━━━━━━━━━━━━━━━━━━━━
    │
    ├ note: consider disabling this lint if you're certain the cast is safe
    │       
    │       // casting to 'int256' is safe because [explain why]
    │       // forge-lint: disable-next-line(unsafe-typecast)
    │       
    │       
    ╰ help: https://book.getfoundry.sh/reference/forge/forge-lint#unsafe-typecast

warning[erc20-unchecked-transfer]: ERC20 'transfer' and 'transferFrom' calls should check the return value
    ╭▸ test/integration/WoodPoolFeedV3LegFork.t.sol:316:31
    │
316 │         if (amount0Delta > 0) IERC20(IUniswapV3Pool(V3_POOL).token0()).transfer(V3_POOL, uint256(amount0Delta));
    │                               ━━━━━━━━━━━━━━━━━━━━━━━━━━━━━━━━━━━━━━━━━━━━━━━━━━━━━━━━━━━━━━━━━━━━━━━━━━━━━━━━━
    │
    ╰ help: https://book.getfoundry.sh/reference/forge/forge-lint#erc20-unchecked-transfer

warning[unsafe-typecast]: typecasts that can truncate values should be checked
    ╭▸ test/integration/WoodPoolFeedV3LegFork.t.sol:316:90
    │
316 │         if (amount0Delta > 0) IERC20(IUniswapV3Pool(V3_POOL).token0()).transfer(V3_POOL, uint256(amount0Delta));
    │                                                                                          ━━━━━━━━━━━━━━━━━━━━━
    │
    ├ note: consider disabling this lint if you're certain the cast is safe
    │       
    │       // casting to 'uint256' is safe because [explain why]
    │       // forge-lint: disable-next-line(unsafe-typecast)
    │       
    │       
    ╰ help: https://book.getfoundry.sh/reference/forge/forge-lint#unsafe-typecast

warning[erc20-unchecked-transfer]: ERC20 'transfer' and 'transferFrom' calls should check the return value
    ╭▸ test/integration/WoodPoolFeedV3LegFork.t.sol:317:31
    │
317 │         if (amount1Delta > 0) IERC20(IUniswapV3Pool(V3_POOL).token1()).transfer(V3_POOL, uint256(amount1Delta));
    │                               ━━━━━━━━━━━━━━━━━━━━━━━━━━━━━━━━━━━━━━━━━━━━━━━━━━━━━━━━━━━━━━━━━━━━━━━━━━━━━━━━━
    │
    ╰ help: https://book.getfoundry.sh/reference/forge/forge-lint#erc20-unchecked-transfer

warning[erc20-unchecked-transfer]: ERC20 'transfer' and 'transferFrom' calls should check the return value
    ╭▸ test/audit-181/PortfolioStrategy_oracleBinding.t.sol:139:13
    │
139 │             IERC20(tokenOut).transfer(msg.sender, amountOut);
    │             ━━━━━━━━━━━━━━━━━━━━━━━━━━━━━━━━━━━━━━━━━━━━━━━━
    │
    ╰ help: https://book.getfoundry.sh/reference/forge/forge-lint#erc20-unchecked-transfer

warning[erc20-unchecked-transfer]: ERC20 'transfer' and 'transferFrom' calls should check the return value
    ╭▸ test/vault/StructuralBatchRules.t.sol:690:9
    │
690 │         usdc.transferFrom(address(vault), attacker, DEPOSIT);
    │         ━━━━━━━━━━━━━━━━━━━━━━━━━━━━━━━━━━━━━━━━━━━━━━━━━━━━
    │
    ╰ help: https://book.getfoundry.sh/reference/forge/forge-lint#erc20-unchecked-transfer

warning: unknown id: 'unchecked-cast'
    ╭▸ src/StakedWood.sol:821:9
    │
821 │         // forge-lint: disable-next-line(unchecked-cast)
    ╰╴        ━━━━━━━━━━━━━━━━━━━━━━━━━━━━━━━━━━━━━━━━━━━━━━━━

warning[unsafe-typecast]: typecasts that can truncate values should be checked
    ╭▸ test/integration/WoodPoolFeedV3LegFork.t.sol:317:90
    │
317 │         if (amount1Delta > 0) IERC20(IUniswapV3Pool(V3_POOL).token1()).transfer(V3_POOL, uint256(amount1Delta));
    │                                                                                          ━━━━━━━━━━━━━━━━━━━━━
    │
    ├ note: consider disabling this lint if you're certain the cast is safe
    │       
    │       // casting to 'uint256' is safe because [explain why]
    │       // forge-lint: disable-next-line(unsafe-typecast)
    │       
    │       
    ╰ help: https://book.getfoundry.sh/reference/forge/forge-lint#unsafe-typecast

warning[unsafe-typecast]: typecasts that can truncate values should be checked
    ╭▸ test/integration/WoodPoolFeedV3LegFork.t.sol:326:17
    │
326 │         return (uint256(answer) * 1e8) / (10 ** dec);
    │                 ━━━━━━━━━━━━━━━
    │
    ├ note: consider disabling this lint if you're certain the cast is safe
    │       
    │       // casting to 'uint256' is safe because [explain why]
    │       // forge-lint: disable-next-line(unsafe-typecast)
    │       
    │       
    ╰ help: https://book.getfoundry.sh/reference/forge/forge-lint#unsafe-typecast

warning[erc20-unchecked-transfer]: ERC20 'transfer' and 'transferFrom' calls should check the return value
    ╭▸ test/vault/StructuralBatchRules.t.sol:702:9
    │
702 │         usdc.transferFrom(address(vault), attacker, DEPOSIT);
    │         ━━━━━━━━━━━━━━━━━━━━━━━━━━━━━━━━━━━━━━━━━━━━━━━━━━━━
    │
    ╰ help: https://book.getfoundry.sh/reference/forge/forge-lint#erc20-unchecked-transfer

warning: unknown id: 'unchecked-cast'
     ╭▸ src/StakedWood.sol:1031:9
     │
1031 │         // forge-lint: disable-next-line(unchecked-cast)
     ╰╴        ━━━━━━━━━━━━━━━━━━━━━━━━━━━━━━━━━━━━━━━━━━━━━━━━

warning[unsafe-typecast]: typecasts that can truncate values should be checked
    ╭▸ test/vault/StructuralBatchRules.t.sol:879:79
    │
879 │         _certifyClassNow(address(template), BaseStrategy.execute.selector, 1, uint16(CLASS_BOUND));
    │                                                                               ━━━━━━━━━━━━━━━━━━━
    │
    ├ note: consider disabling this lint if you're certain the cast is safe
    │       
    │       // casting to 'uint16' is safe because [explain why]
    │       // forge-lint: disable-next-line(unsafe-typecast)
    │       
    │       
    ╰ help: https://book.getfoundry.sh/reference/forge/forge-lint#unsafe-typecast

warning[unsafe-typecast]: typecasts that can truncate values should be checked
    ╭▸ test/vault/StructuralBatchRules.t.sol:893:79
    │
893 │         _certifyClassNow(address(template), BaseStrategy.execute.selector, 1, uint16(CLASS_BOUND));
    │                                                                               ━━━━━━━━━━━━━━━━━━━
    │
    ├ note: consider disabling this lint if you're certain the cast is safe
    │       
    │       // casting to 'uint16' is safe because [explain why]
    │       // forge-lint: disable-next-line(unsafe-typecast)
    │       
    │       
    ╰ help: https://book.getfoundry.sh/reference/forge/forge-lint#unsafe-typecast

warning: unknown id: 'unchecked-cast'
     ╭▸ src/StakedWood.sol:1481:13
     │
1481 │             // forge-lint: disable-next-line(unchecked-cast)
     ╰╴            ━━━━━━━━━━━━━━━━━━━━━━━━━━━━━━━━━━━━━━━━━━━━━━━━

warning[block-timestamp]: usage of `block.timestamp` in a comparison may be manipulated by validators
    ╭▸ src/StakedWood.sol:877:13
    │
877 │         if (block.timestamp < uint256(g.unstakeRequestedAt) + uint256(g.cooldownAtRequest)) {
    │             ━━━━━━━━━━━━━━━━━━━━━━━━━━━━━━━━━━━━━━━━━━━━━━━━━━━━━━━━━━━━━━━━━━━━━━━━━━━━━━
    │
    ╰ help: https://book.getfoundry.sh/reference/forge/forge-lint#block-timestamp

warning[block-timestamp]: usage of `block.timestamp` in a comparison may be manipulated by validators
     ╭▸ src/StakedWood.sol:1065:13
     │
1065 │         if (block.timestamp < uint256(s.unstakeRequestedAt) + uint256(s.cooldownAtRequest)) {
     │             ━━━━━━━━━━━━━━━━━━━━━━━━━━━━━━━━━━━━━━━━━━━━━━━━━━━━━━━━━━━━━━━━━━━━━━━━━━━━━━
     │
     ╰ help: https://book.getfoundry.sh/reference/forge/forge-lint#block-timestamp

warning[block-timestamp]: usage of `block.timestamp` in a comparison may be manipulated by validators
     ╭▸ src/StakedWood.sol:1358:13
     │
1358 │         if (openedAt > block.timestamp) revert VerdictNotPast();
     │             ━━━━━━━━━━━━━━━━━━━━━━━━━━
     │
     ╰ help: https://book.getfoundry.sh/reference/forge/forge-lint#block-timestamp

warning[block-timestamp]: usage of `block.timestamp` in a comparison may be manipulated by validators
     ╭▸ src/StakedWood.sol:1468:13
     │
1468 │         if (anchor > block.timestamp) revert VerdictNotPast();
     │             ━━━━━━━━━━━━━━━━━━━━━━━━
     │
     ╰ help: https://book.getfoundry.sh/reference/forge/forge-lint#block-timestamp

warning[unsafe-typecast]: typecasts that can truncate values should be checked
    ╭▸ src/StakedWood.sol:604:26
    │
604 │             g.stakedAt = uint64((num + newTotal - 1) / newTotal);
    │                          ━━━━━━━━━━━━━━━━━━━━━━━━━━━━━━━━━━━━━━━
    │
    ├ note: consider disabling this lint if you're certain the cast is safe
    │       
    │       // casting to 'uint64' is safe because [explain why]
    │       // forge-lint: disable-next-line(unsafe-typecast)
    │       
    │       
    ╰ help: https://book.getfoundry.sh/reference/forge/forge-lint#unsafe-typecast

warning[unsafe-typecast]: typecasts that can truncate values should be checked
    ╭▸ src/StakedWood.sol:606:26
    │
606 │         g.stakedAmount = uint128(newTotal);
    │                          ━━━━━━━━━━━━━━━━━
    │
    ├ note: consider disabling this lint if you're certain the cast is safe
    │       
    │       // casting to 'uint128' is safe because [explain why]
    │       // forge-lint: disable-next-line(unsafe-typecast)
    │       
    │       
    ╰ help: https://book.getfoundry.sh/reference/forge/forge-lint#unsafe-typecast

warning[unsafe-typecast]: typecasts that can truncate values should be checked
    ╭▸ src/StakedWood.sol:610:69
    │
610 │         _stakeCheckpoints[msg.sender].push(uint32(block.timestamp), uint224(newTotal));
    │                                                                     ━━━━━━━━━━━━━━━━━
    │
    ├ note: consider disabling this lint if you're certain the cast is safe
    │       
    │       // casting to 'uint224' is safe because [explain why]
    │       // forge-lint: disable-next-line(unsafe-typecast)
    │       
    │       
    ╰ help: https://book.getfoundry.sh/reference/forge/forge-lint#unsafe-typecast

warning[unsafe-typecast]: typecasts that can truncate values should be checked
    ╭▸ src/StakedWood.sol:614:73
    │
614 │         _liabilityCheckpoints[msg.sender].push(uint32(block.timestamp), uint224(newTotal));
    │                                                                         ━━━━━━━━━━━━━━━━━
    │
    ├ note: consider disabling this lint if you're certain the cast is safe
    │       
    │       // casting to 'uint224' is safe because [explain why]
    │       // forge-lint: disable-next-line(unsafe-typecast)
    │       
    │       
    ╰ help: https://book.getfoundry.sh/reference/forge/forge-lint#unsafe-typecast

warning[unsafe-typecast]: typecasts that can truncate values should be checked
    ╭▸ src/StakedWood.sol:615:61
    │
615 │         _totalStakeCheckpoint.push(uint32(block.timestamp), uint224(totalGuardianStake));
    │                                                             ━━━━━━━━━━━━━━━━━━━━━━━━━━━
    │
    ├ note: consider disabling this lint if you're certain the cast is safe
    │       
    │       // casting to 'uint224' is safe because [explain why]
    │       // forge-lint: disable-next-line(unsafe-typecast)
    │       
    │       
    ╰ help: https://book.getfoundry.sh/reference/forge/forge-lint#unsafe-typecast

warning[unsafe-typecast]: typecasts that can truncate values should be checked
    ╭▸ src/StakedWood.sol:659:72
    │
659 │         uint256 rawOwn = _stakeCheckpoints[guardian].upperLookupRecent(uint32(timestamp));
    │                                                                        ━━━━━━━━━━━━━━━━━
    │
    ├ note: consider disabling this lint if you're certain the cast is safe
    │       
    │       // casting to 'uint32' is safe because [explain why]
    │       // forge-lint: disable-next-line(unsafe-typecast)
    │       
    │       
    ╰ help: https://book.getfoundry.sh/reference/forge/forge-lint#unsafe-typecast

warning[unsafe-typecast]: typecasts that can truncate values should be checked
    ╭▸ src/StakedWood.sol:660:79
    │
660 │         uint64 anchor = uint64(_anchorCheckpoints[guardian].upperLookupRecent(uint32(timestamp)));
    │                                                                               ━━━━━━━━━━━━━━━━━
    │
    ├ note: consider disabling this lint if you're certain the cast is safe
    │       
    │       // casting to 'uint32' is safe because [explain why]
    │       // forge-lint: disable-next-line(unsafe-typecast)
    │       
    │       
    ╰ help: https://book.getfoundry.sh/reference/forge/forge-lint#unsafe-typecast

warning[unsafe-typecast]: typecasts that can truncate values should be checked
    ╭▸ src/StakedWood.sol:682:62
    │
682 │         return _stakeCheckpoints[guardian].upperLookupRecent(uint32(timestamp));
    │                                                              ━━━━━━━━━━━━━━━━━
    │
    ├ note: consider disabling this lint if you're certain the cast is safe
    │       
    │       // casting to 'uint32' is safe because [explain why]
    │       // forge-lint: disable-next-line(unsafe-typecast)
    │       
    │       
    ╰ help: https://book.getfoundry.sh/reference/forge/forge-lint#unsafe-typecast

warning[unsafe-typecast]: typecasts that can truncate values should be checked
    ╭▸ src/StakedWood.sol:688:56
    │
688 │         return _totalStakeCheckpoint.upperLookupRecent(uint32(timestamp));
    │                                                        ━━━━━━━━━━━━━━━━━
    │
    ├ note: consider disabling this lint if you're certain the cast is safe
    │       
    │       // casting to 'uint32' is safe because [explain why]
    │       // forge-lint: disable-next-line(unsafe-typecast)
    │       
    │       
    ╰ help: https://book.getfoundry.sh/reference/forge/forge-lint#unsafe-typecast

warning[unsafe-typecast]: typecasts that can truncate values should be checked
    ╭▸ src/StakedWood.sol:822:31
    │
822 │         g.cooldownAtRequest = uint64(coolDownPeriod);
    │                               ━━━━━━━━━━━━━━━━━━━━━━
    │
    ├ note: consider disabling this lint if you're certain the cast is safe
    │       
    │       // casting to 'uint64' is safe because [explain why]
    │       // forge-lint: disable-next-line(unsafe-typecast)
    │       
    │       
    ╰ help: https://book.getfoundry.sh/reference/forge/forge-lint#unsafe-typecast

warning[unsafe-typecast]: typecasts that can truncate values should be checked
    ╭▸ src/StakedWood.sol:838:61
    │
838 │         _totalStakeCheckpoint.push(uint32(block.timestamp), uint224(totalGuardianStake));
    │                                                             ━━━━━━━━━━━━━━━━━━━━━━━━━━━
    │
    ├ note: consider disabling this lint if you're certain the cast is safe
    │       
    │       // casting to 'uint224' is safe because [explain why]
    │       // forge-lint: disable-next-line(unsafe-typecast)
    │       
    │       
    ╰ help: https://book.getfoundry.sh/reference/forge/forge-lint#unsafe-typecast

warning[unsafe-typecast]: typecasts that can truncate values should be checked
    ╭▸ src/StakedWood.sol:863:61
    │
863 │         _totalStakeCheckpoint.push(uint32(block.timestamp), uint224(totalGuardianStake));
    │                                                             ━━━━━━━━━━━━━━━━━━━━━━━━━━━
    │
    ├ note: consider disabling this lint if you're certain the cast is safe
    │       
    │       // casting to 'uint224' is safe because [explain why]
    │       // forge-lint: disable-next-line(unsafe-typecast)
    │       
    │       
    ╰ help: https://book.getfoundry.sh/reference/forge/forge-lint#unsafe-typecast

warning[unsafe-typecast]: typecasts that can truncate values should be checked
    ╭▸ src/StakedWood.sol:917:41
    │
917 │             PreparedOwnerStake({amount: uint128(amount), preparedAt: uint64(block.timestamp), bound: false});
    │                                         ━━━━━━━━━━━━━━━
    │
    ├ note: consider disabling this lint if you're certain the cast is safe
    │       
    │       // casting to 'uint128' is safe because [explain why]
    │       // forge-lint: disable-next-line(unsafe-typecast)
    │       
    │       
    ╰ help: https://book.getfoundry.sh/reference/forge/forge-lint#unsafe-typecast

warning[unsafe-typecast]: typecasts that can truncate values should be checked
     ╭▸ src/StakedWood.sol:1032:31
     │
1032 │         s.cooldownAtRequest = uint64(coolDownPeriod);
     │                               ━━━━━━━━━━━━━━━━━━━━━━
     │
     ├ note: consider disabling this lint if you're certain the cast is safe
     │       
     │       // casting to 'uint64' is safe because [explain why]
     │       // forge-lint: disable-next-line(unsafe-typecast)
     │       
     │       
     ╰ help: https://book.getfoundry.sh/reference/forge/forge-lint#unsafe-typecast

warning[unsafe-typecast]: typecasts that can truncate values should be checked
     ╭▸ src/StakedWood.sol:1293:61
     │
1293 │         _totalStakeCheckpoint.push(uint32(block.timestamp), uint224(totalGuardianStake));
     │                                                             ━━━━━━━━━━━━━━━━━━━━━━━━━━━
     │
     ├ note: consider disabling this lint if you're certain the cast is safe
     │       
     │       // casting to 'uint224' is safe because [explain why]
     │       // forge-lint: disable-next-line(unsafe-typecast)
     │       
     │       
     ╰ help: https://book.getfoundry.sh/reference/forge/forge-lint#unsafe-typecast

warning[unsafe-typecast]: typecasts that can truncate values should be checked
     ╭▸ src/StakedWood.sol:1429:61
     │
1429 │         _totalStakeCheckpoint.push(uint32(block.timestamp), uint224(totalGuardianStake));
     │                                                             ━━━━━━━━━━━━━━━━━━━━━━━━━━━
     │
     ├ note: consider disabling this lint if you're certain the cast is safe
     │       
     │       // casting to 'uint224' is safe because [explain why]
     │       // forge-lint: disable-next-line(unsafe-typecast)
     │       
     │       
     ╰ help: https://book.getfoundry.sh/reference/forge/forge-lint#unsafe-typecast

warning[unsafe-typecast]: typecasts that can truncate values should be checked
     ╭▸ src/StakedWood.sol:1438:63
     │
1438 │             _liabilityCheckpoints[guardian].upperLookupRecent(uint32(anchor)),
     │                                                               ━━━━━━━━━━━━━━
     │
     ├ note: consider disabling this lint if you're certain the cast is safe
     │       
     │       // casting to 'uint32' is safe because [explain why]
     │       // forge-lint: disable-next-line(unsafe-typecast)
     │       
     │       
     ╰ help: https://book.getfoundry.sh/reference/forge/forge-lint#unsafe-typecast

warning[unsafe-typecast]: typecasts that can truncate values should be checked
     ╭▸ src/StakedWood.sol:1439:59
     │
1439 │             _stakeCheckpoints[guardian].upperLookupRecent(uint32(anchor))
     │                                                           ━━━━━━━━━━━━━━
     │
     ├ note: consider disabling this lint if you're certain the cast is safe
     │       
     │       // casting to 'uint32' is safe because [explain why]
     │       // forge-lint: disable-next-line(unsafe-typecast)
     │       
     │       
     ╰ help: https://book.getfoundry.sh/reference/forge/forge-lint#unsafe-typecast

warning[unsafe-typecast]: typecasts that can truncate values should be checked
     ╭▸ src/StakedWood.sol:1484:30
     │
1484 │             g.stakedAmount = uint128(live - ownSlash);
     │                              ━━━━━━━━━━━━━━━━━━━━━━━━
     │
     ├ note: consider disabling this lint if you're certain the cast is safe
     │       
     │       // casting to 'uint128' is safe because [explain why]
     │       // forge-lint: disable-next-line(unsafe-typecast)
     │       
     │       
     ╰ help: https://book.getfoundry.sh/reference/forge/forge-lint#unsafe-typecast

warning[block-timestamp]: usage of `block.timestamp` in a comparison may be manipulated by validators
     ╭▸ src/SyndicateVault.sol:1040:26
     │
1040 │         if (last == 0 || block.timestamp <= last) return _mgmtAssetSeconds;
     │                          ━━━━━━━━━━━━━━━━━━━━━━━
     │
     ╰ help: https://book.getfoundry.sh/reference/forge/forge-lint#block-timestamp

warning[unsafe-typecast]: typecasts that can truncate values should be checked
    ╭▸ src/SyndicateVault.sol:498:24
    │
498 │         return address(uint160(word));
    │                        ━━━━━━━━━━━━━
    │
    ├ note: consider disabling this lint if you're certain the cast is safe
    │       
    │       // casting to 'uint160' is safe because [explain why]
    │       // forge-lint: disable-next-line(unsafe-typecast)
    │       
    │       
    ╰ help: https://book.getfoundry.sh/reference/forge/forge-lint#unsafe-typecast

warning[unsafe-typecast]: typecasts that can truncate values should be checked
    ╭▸ src/SyndicateVault.sol:996:31
    │
996 │             _mgmtLastUpdate = uint64(nowTs);
    │                               ━━━━━━━━━━━━━
    │
    ├ note: consider disabling this lint if you're certain the cast is safe
    │       
    │       // casting to 'uint64' is safe because [explain why]
    │       // forge-lint: disable-next-line(unsafe-typecast)
    │       
    │       
    ╰ help: https://book.getfoundry.sh/reference/forge/forge-lint#unsafe-typecast

warning[unsafe-typecast]: typecasts that can truncate values should be checked
    ╭▸ src/adapters/UniswapSwapAdapter.sol:293:39
    │
293 │                     amountSpecified: -int256(currentAmount),
    │                                       ━━━━━━━━━━━━━━━━━━━━━
    │
    ├ note: consider disabling this lint if you're certain the cast is safe
    │       
    │       // casting to 'int256' is safe because [explain why]
    │       // forge-lint: disable-next-line(unsafe-typecast)
    │       
    │       
    ╰ help: https://book.getfoundry.sh/reference/forge/forge-lint#unsafe-typecast

warning[unsafe-typecast]: typecasts that can truncate values should be checked
    ╭▸ src/adapters/UniswapSwapAdapter.sol:301:40
    │
301 │             uint256 out = zeroForOne ? uint256(int256(int128(delta))) : uint256(int256(int128(delta >> 128)));
    │                                        ━━━━━━━━━━━━━━━━━━━━━━━━━━━━━━
    │
    ├ note: consider disabling this lint if you're certain the cast is safe
    │       
    │       // casting to 'uint256' is safe because [explain why]
    │       // forge-lint: disable-next-line(unsafe-typecast)
    │       
    │       
    ╰ help: https://book.getfoundry.sh/reference/forge/forge-lint#unsafe-typecast

warning[unsafe-typecast]: typecasts that can truncate values should be checked
    ╭▸ src/adapters/UniswapSwapAdapter.sol:301:55
    │
301 │             uint256 out = zeroForOne ? uint256(int256(int128(delta))) : uint256(int256(int128(delta >> 128)));
    │                                                       ━━━━━━━━━━━━━
    │
    ├ note: consider disabling this lint if you're certain the cast is safe
    │       
    │       // casting to 'int128' is safe because [explain why]
    │       // forge-lint: disable-next-line(unsafe-typecast)
    │       
    │       
    ╰ help: https://book.getfoundry.sh/reference/forge/forge-lint#unsafe-typecast

warning[unsafe-typecast]: typecasts that can truncate values should be checked
    ╭▸ src/adapters/UniswapSwapAdapter.sol:301:73
    │
301 │             uint256 out = zeroForOne ? uint256(int256(int128(delta))) : uint256(int256(int128(delta >> 128)));
    │                                                                         ━━━━━━━━━━━━━━━━━━━━━━━━━━━━━━━━━━━━━
    │
    ├ note: consider disabling this lint if you're certain the cast is safe
    │       
    │       // casting to 'uint256' is safe because [explain why]
    │       // forge-lint: disable-next-line(unsafe-typecast)
    │       
    │       
    ╰ help: https://book.getfoundry.sh/reference/forge/forge-lint#unsafe-typecast

warning[unsafe-typecast]: typecasts that can truncate values should be checked
    ╭▸ src/adapters/UniswapSwapAdapter.sol:301:88
    │
301 │             uint256 out = zeroForOne ? uint256(int256(int128(delta))) : uint256(int256(int128(delta >> 128)));
    │                                                                                        ━━━━━━━━━━━━━━━━━━━━
    │
    ├ note: consider disabling this lint if you're certain the cast is safe
    │       
    │       // casting to 'int128' is safe because [explain why]
    │       // forge-lint: disable-next-line(unsafe-typecast)
    │       
    │       
    ╰ help: https://book.getfoundry.sh/reference/forge/forge-lint#unsafe-typecast

warning[unsafe-typecast]: typecasts that can truncate values should be checked
    ╭▸ src/adapters/UniswapSwapAdapter.sol:510:72
    │
510 │                     poolKey: key, zeroForOne: zeroForOne, exactAmount: uint128(amountIn), hookData: ""
    │                                                                        ━━━━━━━━━━━━━━━━━
    │
    ├ note: consider disabling this lint if you're certain the cast is safe
    │       
    │       // casting to 'uint128' is safe because [explain why]
    │       // forge-lint: disable-next-line(unsafe-typecast)
    │       
    │       
    ╰ help: https://book.getfoundry.sh/reference/forge/forge-lint#unsafe-typecast

warning[unsafe-typecast]: typecasts that can truncate values should be checked
    ╭▸ src/adapters/UniswapSwapAdapter.sol:527:94
    │
527 │                 IV4Quoter.QuoteExactParams({exactCurrency: tokenIn, path: path, exactAmount: uint128(amountIn)})
    │                                                                                              ━━━━━━━━━━━━━━━━━
    │
    ├ note: consider disabling this lint if you're certain the cast is safe
    │       
    │       // casting to 'uint128' is safe because [explain why]
    │       // forge-lint: disable-next-line(unsafe-typecast)
    │       
    │       
    ╰ help: https://book.getfoundry.sh/reference/forge/forge-lint#unsafe-typecast

BUILD_EXIT=0
